-- phpMyAdmin SQL Dump
-- version 5.2.0
-- https://www.phpmyadmin.net/
--
-- Host: 127.0.0.1
-- Generation Time: Aug 25, 2024 at 04:58 PM
-- Server version: 10.4.27-MariaDB
-- PHP Version: 7.4.33

SET SQL_MODE = "NO_AUTO_VALUE_ON_ZERO";
START TRANSACTION;
SET time_zone = "+00:00";


/*!40101 SET @OLD_CHARACTER_SET_CLIENT=@@CHARACTER_SET_CLIENT */;
/*!40101 SET @OLD_CHARACTER_SET_RESULTS=@@CHARACTER_SET_RESULTS */;
/*!40101 SET @OLD_COLLATION_CONNECTION=@@COLLATION_CONNECTION */;
/*!40101 SET NAMES utf8mb4 */;

--
-- Database: `sanyo_elevator`
--

-- --------------------------------------------------------

--
-- Table structure for table `banners`
--

CREATE TABLE `banners` (
  `id` bigint(20) UNSIGNED NOT NULL,
  `title_en` varchar(255) NOT NULL,
  `title_jp` varchar(255) NOT NULL,
  `type` tinyint(1) DEFAULT NULL,
  `image` text DEFAULT NULL,
  `link` text DEFAULT NULL,
  `description_en` text DEFAULT NULL,
  `description_jp` text DEFAULT NULL,
  `is_active` tinyint(4) NOT NULL,
  `created_at` timestamp NULL DEFAULT NULL,
  `updated_at` timestamp NULL DEFAULT NULL
) ENGINE=InnoDB DEFAULT CHARSET=utf8mb4 COLLATE=utf8mb4_unicode_ci;

--
-- Dumping data for table `banners`
--

INSERT INTO `banners` (`id`, `title_en`, `title_jp`, `type`, `image`, `link`, `description_en`, `description_jp`, `is_active`, `created_at`, `updated_at`) VALUES
(8, 'High-end Intelligent Design, Effective And Speedy', 'ハイエンドのインテリジェントなデザイン、効果的かつスピーディー', 2, 'storage/images/banner/8/1699948232862261.jpg', NULL, 'In order to optimize the service efficiency of the elevator system, FUJI elevator fulfills the intellectual managements such as multi-computer, modular and network control etc, through fully computerized intellectual control system.', 'エレベーターシステムのサービス効率を最適化するために、富士エレベーターは、完全にコンピューター化された知的制御システムを通じて、マルチコンピューター、モジュラー、ネットワーク制御などの知的管理を実現します。', 1, '2023-11-01 08:38:08', '2023-11-13 22:50:32'),
(9, 'Top Advanced Door Operator System', '最先端のドアオペレーターシステム', 2, 'storage/images/banner/9/1699948509708991.jpg', NULL, 'The door operator control system of FUJI elevator uses a dual control system. One group is controlled by the main controller of the control cabinet.\r\nThe other one is by door operator controller, which greatly reduces non-opening accidents due to trouble of door machine control.', '富士エレベータのドアオペレータ制御システムは二重制御方式を採用しています。 1 つのグループは制御盤のメインコントローラーによって制御されます。\r\nもう1つはドアオペレータコントローラによるもので、ドアマシン制御のトラブルによる不開事故を大幅に削減します。', 1, '2023-11-01 08:39:57', '2023-11-13 22:55:09'),
(10, 'New Generation Permanent Magnetic Sync Gearless Traction Machine', '新世代永久磁石同期ギヤレス巻上機', 2, 'storage/images/banner/10/1699951288941145.jpg', NULL, 'It can save over 40% of energy.\r\nIt needs no grease renewal without oil pollution.\r\nWhich brings peacefulness and refreshment.', '40％以上のエネルギーを節約できます。\r\n油汚れがなくグリス更新の必要もありません。\r\nそれは安らぎとリフレッシュをもたらします。', 1, '2023-11-01 08:41:02', '2023-11-13 23:41:28'),
(11, 'Energy Saving', '省エネ', 2, 'storage/images/banner/11/1699948314963885.jpg', NULL, 'Longer service life and fewer power consumption. The elevators consume 20% ~35% less of power. It does not add heavy metals during chip assembling and processing. It excludes any hazardous materials.\r\nIt can be recycled and reused after being discarded.', '寿命が長くなり、消費電力が少なくなります。 エレベーターの消費電力は 20% ～ 35% 削減されます。 チップの組み立てや加工中に重金属を追加しません。 危険物は一切含まれません。\r\n廃棄後もリサイクルして再利用できます。', 1, '2023-11-01 08:44:26', '2023-11-13 22:51:54'),
(13, 'FUJI JAPAN ELEVATOR CO.,LTD', '富士日本エレベーター株式会社', 1, 'storage/images/banner/13/1699946885197137.jpg', NULL, 'We always focus on technological innovation to create the best quality products', '私たちは最高品質の製品を生み出すために常に技術革新に注力します', 0, '2023-11-13 22:28:05', '2023-11-15 00:29:41'),
(15, 'FUJI JAPAN ELEVATOR CO.,LTD', '富士日本エレベーター株式会社', 1, 'storage/images/banner/15/1699947240998120.jpg', NULL, 'We always focus on technological innovation to create the best quality products.', '私たちは常に技術革新に注力し、最高品質の製品を生み出します。', 1, '2023-11-13 22:34:00', '2023-11-13 22:34:00'),
(16, 'FUJI JAPAN ELEVATOR CO.,LTD', '富士日本エレベーター株式会社', 1, 'storage/images/banner/16/1699950049909343.jpg', NULL, 'Innovation Technology And Quality Control Are Our Top Priorities', '革新的な技術と品質管理が当社の最優先事項です', 1, '2023-11-13 23:20:49', '2023-11-13 23:20:49');

-- --------------------------------------------------------

--
-- Table structure for table `failed_jobs`
--

CREATE TABLE `failed_jobs` (
  `id` bigint(20) UNSIGNED NOT NULL,
  `uuid` varchar(255) NOT NULL,
  `connection` text NOT NULL,
  `queue` text NOT NULL,
  `payload` longtext NOT NULL,
  `exception` longtext NOT NULL,
  `failed_at` timestamp NOT NULL DEFAULT current_timestamp()
) ENGINE=InnoDB DEFAULT CHARSET=utf8mb4 COLLATE=utf8mb4_unicode_ci;

-- --------------------------------------------------------

--
-- Table structure for table `informations`
--

CREATE TABLE `informations` (
  `id` bigint(20) UNSIGNED NOT NULL,
  `type` varchar(255) NOT NULL,
  `label` varchar(255) DEFAULT NULL,
  `value` text DEFAULT NULL,
  `created_at` timestamp NULL DEFAULT NULL,
  `updated_at` timestamp NULL DEFAULT NULL
) ENGINE=InnoDB DEFAULT CHARSET=utf8mb4 COLLATE=utf8mb4_unicode_ci;

--
-- Dumping data for table `informations`
--

INSERT INTO `informations` (`id`, `type`, `label`, `value`, `created_at`, `updated_at`) VALUES
(1, 'CONTACT', 'phone', '+81-8031215817', NULL, '2023-11-01 18:53:32'),
(3, 'CONTACT', 'hotline', '+81-8031215817', NULL, '2023-11-01 18:55:35'),
(6, 'CONTACT', 'address_jp', '東京都練馬区豊玉北三丁目1番2号', NULL, '2023-11-01 19:06:22'),
(8, 'CONTACT', 'google_map', 'https://www.google.com/maps/embed?pb=!1m18!1m12!1m3!1d3238.6065744530274!2d139.6615673762999!3d35.735893126968314!2m3!1f0!2f0!3f0!3m2!1i1024!2i768!4f13.1!3m3!1m2!1s0x6018ed6cc122fc01%3A0xaa7707f9b9551016!2zSmFwYW4sIOOAkjE3Ni0wMDEyIFRva3lvLCBOZXJpbWEgQ2l0eSwgVG95b3RhbWFraXRhLCAzLWNoxY1tZeKIkjHiiJIyIOahnOWPsOOCs-ODvOODnQ!5e0!3m2!1sen!2s!4v1700068776116!5m2!1sen!2s', NULL, '2023-11-15 08:32:00'),
(10, 'CONTACT', 'email', 'info@fujijapan-elevator.co.jp', NULL, '2023-11-01 18:50:29'),
(11, 'CONTACT', 'address_en', 'Toyotamakita 3-1-2, Nerima-ku, Tokyo, Japan', NULL, '2023-11-01 19:04:16'),
(12, 'ABOUT', 'text_en', '<p dir=\"ltr\" style=\"line-height: 1.2; background-color: #ffffff; margin-top: 0pt; margin-bottom: 0pt; padding: 0pt 0pt 5pt 0pt;\"><span style=\"font-size: 12pt; font-family: \'Times New Roman\',serif; color: #003973; background-color: transparent; font-weight: bold; font-style: normal; font-variant: normal; text-decoration: none; vertical-align: baseline; white-space: pre-wrap;\">Name</span></p>\r\n<p dir=\"ltr\" style=\"line-height: 1.2; background-color: #ffffff; margin-top: 0pt; margin-bottom: 0pt; padding: 0pt 0pt 5pt 0pt;\"><span style=\"font-size: 12pt; font-family: \'Times New Roman\',serif; color: #333333; background-color: transparent; font-weight: 400; font-style: normal; font-variant: normal; text-decoration: none; vertical-align: baseline; white-space: pre-wrap;\">FUJI JAPAN ELEVATOR CO.,LTD</span></p>\r\n<p dir=\"ltr\" style=\"line-height: 1.2; background-color: #ffffff; margin-top: 0pt; margin-bottom: 0pt; padding: 0pt 0pt 5pt 0pt;\"><span style=\"font-size: 12pt; font-family: \'Times New Roman\',serif; color: #003973; background-color: transparent; font-weight: bold; font-style: normal; font-variant: normal; text-decoration: none; vertical-align: baseline; white-space: pre-wrap;\">Business Areas</span></p>\r\n<p dir=\"ltr\" style=\"line-height: 1.2; background-color: #ffffff; margin-top: 0pt; margin-bottom: 0pt; padding: 0pt 0pt 5pt 0pt;\"><span style=\"font-size: 12pt; font-family: \'Times New Roman\',serif; color: #333333; background-color: transparent; font-weight: 400; font-style: normal; font-variant: normal; text-decoration: none; vertical-align: baseline; white-space: pre-wrap;\">Elevator and Elevator Parts Design, Manufacture, Sale, </span><span style=\"font-size: 12pt; font-family: \'Times New Roman\',serif; color: #333333; background-color: #ffffff; font-weight: 400; font-style: normal; font-variant: normal; text-decoration: none; vertical-align: baseline; white-space: pre-wrap;\">Installation, Maintenance, Export, Import</span></p>\r\n<p dir=\"ltr\" style=\"line-height: 1.2; background-color: #ffffff; margin-top: 0pt; margin-bottom: 0pt; padding: 0pt 0pt 5pt 0pt;\"><span style=\"font-size: 12pt; font-family: \'Times New Roman\',serif; color: #003973; background-color: transparent; font-weight: bold; font-style: normal; font-variant: normal; text-decoration: none; vertical-align: baseline; white-space: pre-wrap;\">Location</span></p>\r\n<p dir=\"ltr\" style=\"line-height: 1.2; background-color: #ffffff; margin-top: 0pt; margin-bottom: 0pt; padding: 0pt 0pt 5pt 0pt;\"><span style=\"font-size: 12pt; font-family: \'Times New Roman\',serif; color: #333333; background-color: transparent; font-weight: 400; font-style: normal; font-variant: normal; text-decoration: none; vertical-align: baseline; white-space: pre-wrap;\">Toyotamakita 3-1-2, Nerima-ku, Tokyo, Japan&nbsp;</span></p>\r\n<p dir=\"ltr\" style=\"line-height: 1.2; background-color: #ffffff; margin-top: 0pt; margin-bottom: 0pt; padding: 0pt 0pt 5pt 0pt;\"><span style=\"font-size: 12pt; font-family: \'Times New Roman\',serif; color: #003973; background-color: transparent; font-weight: bold; font-style: normal; font-variant: normal; text-decoration: none; vertical-align: baseline; white-space: pre-wrap;\">Tel</span></p>\r\n<p dir=\"ltr\" style=\"line-height: 1.2; background-color: #ffffff; margin-top: 0pt; margin-bottom: 0pt; padding: 0pt 0pt 5pt 0pt;\"><span style=\"font-size: 12pt; font-family: \'Times New Roman\',serif; color: #333333; background-color: transparent; font-weight: 400; font-style: normal; font-variant: normal; text-decoration: none; vertical-align: baseline; white-space: pre-wrap;\">+81-8031215817</span></p>\r\n<p dir=\"ltr\" style=\"line-height: 1.2; background-color: #ffffff; margin-top: 0pt; margin-bottom: 0pt; padding: 0pt 0pt 5pt 0pt;\"><span style=\"font-size: 12pt; font-family: \'Times New Roman\',serif; color: #003973; background-color: transparent; font-weight: bold; font-style: normal; font-variant: normal; text-decoration: none; vertical-align: baseline; white-space: pre-wrap;\">Capital</span></p>\r\n<p dir=\"ltr\" style=\"line-height: 1.2; background-color: #ffffff; margin-top: 0pt; margin-bottom: 0pt; padding: 0pt 0pt 5pt 0pt;\"><span style=\"font-size: 12pt; font-family: \'Times New Roman\',serif; color: #333333; background-color: transparent; font-weight: 400; font-style: normal; font-variant: normal; text-decoration: none; vertical-align: baseline; white-space: pre-wrap;\">1,000,000JPY</span></p>\r\n<p dir=\"ltr\" style=\"line-height: 1.2; background-color: #ffffff; margin-top: 0pt; margin-bottom: 0pt; padding: 0pt 0pt 5pt 0pt;\"><span style=\"font-size: 12pt; font-family: \'Times New Roman\',serif; color: #003973; background-color: transparent; font-weight: bold; font-style: normal; font-variant: normal; text-decoration: none; vertical-align: baseline; white-space: pre-wrap;\">Bank</span></p>\r\n<p dir=\"ltr\" style=\"line-height: 1.2; background-color: #ffffff; margin-top: 0pt; margin-bottom: 0pt; padding: 0pt 0pt 5pt 0pt;\"><span style=\"font-size: 12pt; font-family: \'Times New Roman\',serif; color: #333333; background-color: transparent; font-weight: 400; font-style: normal; font-variant: normal; text-decoration: none; vertical-align: baseline; white-space: pre-wrap;\">The Bank of Tokyo-SBI Sumishin Net Bank,LTD.&nbsp;</span></p>\r\n<p dir=\"ltr\" style=\"line-height: 1.2; background-color: #ffffff; margin-top: 0pt; margin-bottom: 0pt; padding: 0pt 0pt 5pt 0pt;\"><span style=\"font-size: 12pt; font-family: \'Times New Roman\',serif; color: #333333; background-color: transparent; font-weight: 400; font-style: normal; font-variant: normal; text-decoration: none; vertical-align: baseline; white-space: pre-wrap;\">The Bank of Tokyo-Mitsubishi UFJ, Ltd, Hasuda Branch</span></p>\r\n<p dir=\"ltr\" style=\"line-height: 1.2; background-color: #ffffff; margin-top: 0pt; margin-bottom: 0pt; padding: 0pt 0pt 5pt 0pt;\"><span style=\"font-size: 12pt; font-family: \'Times New Roman\',serif; color: #333333; background-color: transparent; font-weight: 400; font-style: normal; font-variant: normal; text-decoration: none; vertical-align: baseline; white-space: pre-wrap;\">Amagasaki Shinkin Bank Kema Branch</span></p>\r\n<p dir=\"ltr\" style=\"line-height: 1.2; background-color: #ffffff; margin-top: 0pt; margin-bottom: 0pt; padding: 0pt 0pt 5pt 0pt;\"><span style=\"font-size: 12pt; font-family: \'Times New Roman\',serif; color: #333333; background-color: transparent; font-weight: 400; font-style: normal; font-variant: normal; text-decoration: none; vertical-align: baseline; white-space: pre-wrap;\">Mizuho Bank, Ltd, Hongo Branch</span></p>\r\n<p dir=\"ltr\" style=\"line-height: 1.2; background-color: #ffffff; margin-top: 0pt; margin-bottom: 0pt; padding: 0pt 0pt 5pt 0pt;\"><span style=\"font-size: 12pt; font-family: \'Times New Roman\',serif; color: #003973; background-color: transparent; font-weight: bold; font-style: normal; font-variant: normal; text-decoration: none; vertical-align: baseline; white-space: pre-wrap;\">E-mail</span></p>\r\n<p dir=\"ltr\" style=\"line-height: 1.2; background-color: #ffffff; margin-top: 0pt; margin-bottom: 0pt; padding: 0pt 0pt 5pt 0pt;\"><a style=\"text-decoration: none;\" href=\"mailto:info@fujijapan-elevator.jp\"><span style=\"font-size: 12pt; font-family: \'Times New Roman\',serif; color: #333333; background-color: transparent; font-weight: 400; font-style: normal; font-variant: normal; text-decoration: none; vertical-align: baseline; white-space: pre-wrap;\">info@fujijapan-elevator.co.jp</span></a><span style=\"font-size: 12pt; font-family: \'Times New Roman\',serif; color: #333333; background-color: transparent; font-weight: 400; font-style: normal; font-variant: normal; text-decoration: none; vertical-align: baseline; white-space: pre-wrap;\">&nbsp;</span></p>\r\n<p dir=\"ltr\" style=\"line-height: 1.2; background-color: #ffffff; margin-top: 0pt; margin-bottom: 0pt; padding: 0pt 0pt 5pt 0pt;\"><span style=\"font-size: 12pt; font-family: \'Times New Roman\',serif; color: #333333; background-color: transparent; font-weight: 400; font-style: normal; font-variant: normal; text-decoration: none; vertical-align: baseline; white-space: pre-wrap;\">maonishikawa24@yahoo.co.jp</span></p>\r\n<p dir=\"ltr\" style=\"line-height: 1.2; background-color: #ffffff; margin-top: 0pt; margin-bottom: 0pt; padding: 0pt 0pt 5pt 0pt;\"><span style=\"font-size: 12pt; font-family: \'Times New Roman\',serif; color: #003973; background-color: transparent; font-weight: bold; font-style: normal; font-variant: normal; text-decoration: none; vertical-align: baseline; white-space: pre-wrap;\">Qualification</span></p>\r\n<p dir=\"ltr\" style=\"line-height: 1.2; background-color: #ffffff; margin-top: 0pt; margin-bottom: 0pt; padding: 0pt 0pt 5pt 0pt;\"><span style=\"font-size: 12pt; font-family: \'Times New Roman\',serif; color: #333333; background-color: transparent; font-weight: 400; font-style: normal; font-variant: normal; text-decoration: none; vertical-align: baseline; white-space: pre-wrap;\">Ordinary Construction Business Licence</span></p>\r\n<p dir=\"ltr\" style=\"line-height: 1.2; background-color: #ffffff; margin-top: 0pt; margin-bottom: 0pt; padding: 0pt 0pt 5pt 0pt;\"><span style=\"font-size: 12pt; font-family: \'Times New Roman\',serif; color: #333333; background-color: transparent; font-weight: 400; font-style: normal; font-variant: normal; text-decoration: none; vertical-align: baseline; white-space: pre-wrap;\">Elevator Manufacturing Licence</span></p>\r\n<p dir=\"ltr\" style=\"line-height: 1.2; background-color: #ffffff; margin-top: 0pt; margin-bottom: 0pt; padding: 0pt 0pt 5pt 0pt;\"><span style=\"color: #000000;\"><a style=\"text-decoration: none; color: #000000;\" href=\"http://www.fujielevator.co.jp/en/techinfo/ISO9001.html\"><span style=\"font-size: 12pt; font-family: \'Times New Roman\', serif; background-color: transparent; font-weight: 400; font-style: normal; font-variant: normal; text-decoration: none; vertical-align: baseline; white-space: pre-wrap;\">ISO9001</span></a></span></p>\r\n<p dir=\"ltr\" style=\"line-height: 1.2; background-color: #ffffff; margin-top: 0pt; margin-bottom: 0pt; padding: 0pt 0pt 5pt 0pt;\"><span style=\"font-size: 12pt; font-family: \'Times New Roman\',serif; color: #333333; background-color: transparent; font-weight: 400; font-style: normal; font-variant: normal; text-decoration: none; vertical-align: baseline; white-space: pre-wrap;\">UCMP</span></p>\r\n<p dir=\"ltr\" style=\"line-height: 1.2; background-color: #ffffff; margin-top: 0pt; margin-bottom: 0pt; padding: 0pt 0pt 5pt 0pt;\">&nbsp;</p>\r\n<p dir=\"ltr\" style=\"line-height: 1.2; background-color: #ffffff; margin-top: 0pt; margin-bottom: 0pt; padding: 0pt 0pt 5pt 0pt;\"><img src=\"../../../../storage/uploads/ảnh nh&agrave; m&aacute;y.jpg\" alt=\"\" width=\"1026\" height=\"1026\" /></p>\r\n<p dir=\"ltr\" style=\"line-height: 1.2; background-color: #ffffff; margin-top: 0pt; margin-bottom: 0pt; padding: 0pt 0pt 5pt 0pt;\">&nbsp;</p>\r\n<p dir=\"ltr\" style=\"line-height: 1.2; margin-top: 0pt; margin-bottom: 5pt;\"><span style=\"font-size: 12pt; font-family: \'Times New Roman\',serif; color: #333333; background-color: transparent; font-weight: 400; font-style: normal; font-variant: normal; text-decoration: none; vertical-align: baseline; white-space: pre-wrap;\">FUJI Elevator opens a window of the world with high tech.</span></p>\r\n<p dir=\"ltr\" style=\"line-height: 1.2; margin-top: 0pt; margin-bottom: 5pt;\"><span style=\"font-size: 12pt; font-family: \'Times New Roman\',serif; color: #333333; background-color: transparent; font-weight: 400; font-style: normal; font-variant: normal; text-decoration: none; vertical-align: baseline; white-space: pre-wrap;\">It is competitive in the global markets because of the high quality.</span></p>\r\n<p dir=\"ltr\" style=\"line-height: 1.2; margin-top: 0pt; margin-bottom: 5pt;\"><span style=\"font-size: 12pt; font-family: \'Times New Roman\',serif; color: #333333; background-color: transparent; font-weight: 400; font-style: normal; font-variant: normal; text-decoration: none; vertical-align: baseline; white-space: pre-wrap;\">Let\'s listen to the bell coming from the Bank of the Rhine river in Germany, feel the gorgeous charm of magical art in the air.</span></p>\r\n<p dir=\"ltr\" style=\"line-height: 1.2; margin-top: 0pt; margin-bottom: 5pt;\"><span style=\"font-size: 12pt; font-family: \'Times New Roman\',serif; color: #333333; background-color: transparent; font-weight: 400; font-style: normal; font-variant: normal; text-decoration: none; vertical-align: baseline; white-space: pre-wrap;\">We always pursue our objectives as time goes by.</span></p>\r\n<p dir=\"ltr\" style=\"line-height: 1.2; margin-top: 0pt; margin-bottom: 5pt;\"><span style=\"font-size: 12pt; font-family: \'Times New Roman\',serif; color: #333333; background-color: transparent; font-weight: 400; font-style: normal; font-variant: normal; text-decoration: none; vertical-align: baseline; white-space: pre-wrap;\">FUJI Elevator is always engaged in researching into, developing, manufacturing various building traffic and</span></p>\r\n<p dir=\"ltr\" style=\"line-height: 1.2; margin-top: 0pt; margin-bottom: 5pt;\"><span style=\"font-size: 12pt; font-family: \'Times New Roman\',serif; color: #333333; background-color: transparent; font-weight: 400; font-style: normal; font-variant: normal; text-decoration: none; vertical-align: baseline; white-space: pre-wrap;\">transport systems such as elevator, escalator, moving walk etc. Through the centuries of trials and hardships, FUJI Elevator never changes its advanced technology.</span></p>\r\n<p dir=\"ltr\" style=\"line-height: 1.2; margin-top: 0pt; margin-bottom: 5pt;\"><span style=\"font-size: 12pt; font-family: \'Times New Roman\',serif; color: #333333; background-color: transparent; font-weight: 400; font-style: normal; font-variant: normal; text-decoration: none; vertical-align: baseline; white-space: pre-wrap;\">FUJI Elevators safely operate in all kinds of high grade buildings in over 100 countries and regions. As time flies, it continues the rigorous and conscientious spirits of the German nation. FUJI Elevator popular-fixes the most superb elevators and escalators all over the world and opens the gate of the artistic elevator palace.</span></p>\r\n<p dir=\"ltr\" style=\"line-height: 1.2; margin-top: 0pt; margin-bottom: 5pt;\"><span style=\"font-size: 12pt; font-family: \'Times New Roman\',serif; color: #333333; background-color: transparent; font-weight: 400; font-style: normal; font-variant: normal; text-decoration: none; vertical-align: baseline; white-space: pre-wrap;\">As a distinguished figure in the contemporary elevator industry, FUJI Elevator witnesses the past and strides forwards to a bright future. It connects classical German art with the advanced modern technology. It links the western european buildings with the eastern chinese style buildings.</span></p>\r\n<p dir=\"ltr\" style=\"line-height: 1.2; margin-top: 0pt; margin-bottom: 5pt;\"><span style=\"font-size: 12pt; font-family: \'Times New Roman\',serif; color: #333333; background-color: transparent; font-weight: 400; font-style: normal; font-variant: normal; text-decoration: none; vertical-align: baseline; white-space: pre-wrap;\">From now on, space talks to light, aesthetics combined with high tech. Grace integrates with comfortable operation. It wholeheartedly creates a smooth urban sight line. It started a big vision for the FUJI brand.</span></p>\r\n<p><span id=\"docs-internal-guid-ab40ab5c-7fff-23f1-58e4-4a97d3eef108\"></span></p>\r\n<p dir=\"ltr\" style=\"line-height: 1.2; margin-top: 0pt; margin-bottom: 5pt;\"><span style=\"font-size: 12pt; font-family: \'Times New Roman\',serif; color: #333333; background-color: transparent; font-weight: 400; font-style: normal; font-variant: normal; text-decoration: none; vertical-align: baseline; white-space: pre-wrap;\">As a professional \"one-stop\" elevator and escalator solution plan supplier, FUJI Elevator integrates the elevator research, development, design, manufacture, sales, installation, repair, maintenance, transformation into one.</span></p>', NULL, '2023-11-14 22:45:20'),
(13, 'ABOUT', 'text_jp', '<h2 dir=\"ltr\" style=\"line-height: 1.2; margin-right: 15pt; background-color: #ffffff; margin-top: 0pt; margin-bottom: 5pt;\"><span style=\"font-size: 24.999999999999996pt; font-family: \'Times New Roman\',serif; color: #333333; background-color: transparent; font-weight: bold; font-style: normal; font-variant: normal; text-decoration: none; vertical-align: baseline; white-space: pre-wrap;\">会社概要&nbsp;</span></h2>\r\n<p dir=\"ltr\" style=\"line-height: 1.2; background-color: #ffffff; margin-top: 0pt; margin-bottom: 0pt; padding: 0pt 0pt 5pt 0pt;\"><span style=\"font-size: 12pt; font-family: \'Times New Roman\',serif; color: #003973; background-color: transparent; font-weight: bold; font-style: normal; font-variant: normal; text-decoration: none; vertical-align: baseline; white-space: pre-wrap;\">商号</span></p>\r\n<p dir=\"ltr\" style=\"line-height: 1.2; background-color: #ffffff; margin-top: 0pt; margin-bottom: 0pt; padding: 0pt 0pt 5pt 0pt;\"><span style=\"font-size: 12pt; font-family: \'Times New Roman\',serif; color: #333333; background-color: transparent; font-weight: 400; font-style: normal; font-variant: normal; text-decoration: none; vertical-align: baseline; white-space: pre-wrap;\">富士日本エレベーター株式会社</span></p>\r\n<p dir=\"ltr\" style=\"line-height: 1.2; background-color: #ffffff; margin-top: 0pt; margin-bottom: 0pt; padding: 0pt 0pt 5pt 0pt;\"><span style=\"font-size: 12pt; font-family: \'Times New Roman\',serif; color: #003973; background-color: transparent; font-weight: bold; font-style: normal; font-variant: normal; text-decoration: none; vertical-align: baseline; white-space: pre-wrap;\">目的</span></p>\r\n<p dir=\"ltr\" style=\"line-height: 1.2; background-color: #ffffff; margin-top: 0pt; margin-bottom: 0pt; padding: 0pt 0pt 5pt 0pt;\"><span style=\"font-size: 12pt; font-family: \'Times New Roman\',serif; color: #333333; background-color: #ffffff; font-weight: 400; font-style: normal; font-variant: normal; text-decoration: none; vertical-align: baseline; white-space: pre-wrap;\">エレベーター、 工業用機械、 その他各種商品の企画、製造、販売及び輸出 入</span></p>\r\n<p dir=\"ltr\" style=\"line-height: 1.2; background-color: #ffffff; margin-top: 0pt; margin-bottom: 0pt; padding: 0pt 0pt 5pt 0pt;\"><span style=\"font-size: 12pt; font-family: \'Times New Roman\',serif; color: #333333; background-color: #ffffff; font-weight: 400; font-style: normal; font-variant: normal; text-decoration: none; vertical-align: baseline; white-space: pre-wrap;\">前号に附帯関連する一切の事業</span></p>\r\n<p dir=\"ltr\" style=\"line-height: 1.2; background-color: #ffffff; margin-top: 0pt; margin-bottom: 0pt; padding: 0pt 0pt 5pt 0pt;\"><span style=\"font-size: 12pt; font-family: \'Times New Roman\',serif; color: #003973; background-color: transparent; font-weight: bold; font-style: normal; font-variant: normal; text-decoration: none; vertical-align: baseline; white-space: pre-wrap;\">本店</span></p>\r\n<p dir=\"ltr\" style=\"line-height: 1.2; background-color: #ffffff; margin-top: 0pt; margin-bottom: 0pt; padding: 0pt 0pt 5pt 0pt;\"><span style=\"font-size: 12pt; font-family: \'Times New Roman\',serif; color: #333333; background-color: transparent; font-weight: 400; font-style: normal; font-variant: normal; text-decoration: none; vertical-align: baseline; white-space: pre-wrap;\">東京都練馬区豊玉北三丁目1番2号</span></p>\r\n<p dir=\"ltr\" style=\"line-height: 1.2; background-color: #ffffff; margin-top: 0pt; margin-bottom: 0pt; padding: 0pt 0pt 5pt 0pt;\"><span style=\"font-size: 12pt; font-family: \'Times New Roman\',serif; color: #003973; background-color: transparent; font-weight: bold; font-style: normal; font-variant: normal; text-decoration: none; vertical-align: baseline; white-space: pre-wrap;\">電話番号</span></p>\r\n<p dir=\"ltr\" style=\"line-height: 1.2; background-color: #ffffff; margin-top: 0pt; margin-bottom: 0pt; padding: 0pt 0pt 5pt 0pt;\"><span style=\"font-size: 12pt; font-family: \'Times New Roman\',serif; color: #333333; background-color: transparent; font-weight: 400; font-style: normal; font-variant: normal; text-decoration: none; vertical-align: baseline; white-space: pre-wrap;\">+81-8031215817</span></p>\r\n<p dir=\"ltr\" style=\"line-height: 1.2; background-color: #ffffff; margin-top: 0pt; margin-bottom: 0pt; padding: 0pt 0pt 5pt 0pt;\"><span style=\"font-size: 12pt; font-family: \'Times New Roman\',serif; color: #003973; background-color: transparent; font-weight: bold; font-style: normal; font-variant: normal; text-decoration: none; vertical-align: baseline; white-space: pre-wrap;\">資本</span></p>\r\n<p dir=\"ltr\" style=\"line-height: 1.2; background-color: #ffffff; margin-top: 0pt; margin-bottom: 0pt; padding: 0pt 0pt 5pt 0pt;\"><span style=\"font-size: 12pt; font-family: \'Times New Roman\',serif; color: #333333; background-color: transparent; font-weight: 400; font-style: normal; font-variant: normal; text-decoration: none; vertical-align: baseline; white-space: pre-wrap;\">100万円</span></p>\r\n<p dir=\"ltr\" style=\"line-height: 1.2; background-color: #ffffff; margin-top: 0pt; margin-bottom: 0pt; padding: 0pt 0pt 5pt 0pt;\"><span style=\"font-size: 12pt; font-family: \'Times New Roman\',serif; color: #003973; background-color: transparent; font-weight: bold; font-style: normal; font-variant: normal; text-decoration: none; vertical-align: baseline; white-space: pre-wrap;\">銀行</span></p>\r\n<p dir=\"ltr\" style=\"line-height: 1.2; background-color: #ffffff; margin-top: 0pt; margin-bottom: 0pt; padding: 0pt 0pt 5pt 0pt;\"><span style=\"font-size: 12pt; font-family: \'Times New Roman\',serif; color: #333333; background-color: transparent; font-weight: 400; font-style: normal; font-variant: normal; text-decoration: none; vertical-align: baseline; white-space: pre-wrap;\">東京銀行 住信SBIネット銀行株式会社</span></p>\r\n<p dir=\"ltr\" style=\"line-height: 1.2; background-color: #ffffff; margin-top: 0pt; margin-bottom: 0pt; padding: 0pt 0pt 5pt 0pt;\"><span style=\"font-size: 12pt; font-family: \'Times New Roman\',serif; color: #333333; background-color: transparent; font-weight: 400; font-style: normal; font-variant: normal; text-decoration: none; vertical-align: baseline; white-space: pre-wrap;\">三菱東京UFJ銀行 蓮田支店</span></p>\r\n<p dir=\"ltr\" style=\"line-height: 1.2; background-color: #ffffff; margin-top: 0pt; margin-bottom: 0pt; padding: 0pt 0pt 5pt 0pt;\"><span style=\"font-size: 12pt; font-family: \'Times New Roman\',serif; color: #333333; background-color: transparent; font-weight: 400; font-style: normal; font-variant: normal; text-decoration: none; vertical-align: baseline; white-space: pre-wrap;\">尼崎信用金庫毛馬支店</span></p>\r\n<p dir=\"ltr\" style=\"line-height: 1.2; background-color: #ffffff; margin-top: 0pt; margin-bottom: 0pt; padding: 0pt 0pt 5pt 0pt;\"><span style=\"font-size: 12pt; font-family: \'Times New Roman\',serif; color: #333333; background-color: transparent; font-weight: 400; font-style: normal; font-variant: normal; text-decoration: none; vertical-align: baseline; white-space: pre-wrap;\">みずほ銀行 本郷支店</span></p>\r\n<p dir=\"ltr\" style=\"line-height: 1.2; background-color: #ffffff; margin-top: 0pt; margin-bottom: 0pt; padding: 0pt 0pt 5pt 0pt;\"><span style=\"font-size: 12pt; font-family: \'Times New Roman\',serif; color: #003973; background-color: transparent; font-weight: bold; font-style: normal; font-variant: normal; text-decoration: none; vertical-align: baseline; white-space: pre-wrap;\">Eメール</span></p>\r\n<p dir=\"ltr\" style=\"line-height: 1.2; background-color: #ffffff; margin-top: 0pt; margin-bottom: 0pt; padding: 0pt 0pt 5pt 0pt;\"><span style=\"font-size: 12pt; font-family: \'Times New Roman\',serif; color: #333333; background-color: transparent; font-weight: 400; font-style: normal; font-variant: normal; text-decoration: none; vertical-align: baseline; white-space: pre-wrap;\">info@fujijapan-elevator.co.jp</span></p>\r\n<p dir=\"ltr\" style=\"line-height: 1.2; background-color: #ffffff; margin-top: 0pt; margin-bottom: 0pt; padding: 0pt 0pt 5pt 0pt;\"><span style=\"font-size: 12pt; font-family: \'Times New Roman\',serif; color: #333333; background-color: transparent; font-weight: 400; font-style: normal; font-variant: normal; text-decoration: none; vertical-align: baseline; white-space: pre-wrap;\">maonishkawa24@yahoo.co.jp</span></p>\r\n<p dir=\"ltr\" style=\"line-height: 1.2; background-color: #ffffff; margin-top: 0pt; margin-bottom: 0pt; padding: 0pt 0pt 5pt 0pt;\"><span style=\"font-size: 12pt; font-family: \'Times New Roman\',serif; color: #003973; background-color: transparent; font-weight: bold; font-style: normal; font-variant: normal; text-decoration: none; vertical-align: baseline; white-space: pre-wrap;\">資格</span></p>\r\n<p dir=\"ltr\" style=\"line-height: 1.2; background-color: #ffffff; margin-top: 0pt; margin-bottom: 0pt; padding: 0pt 0pt 5pt 0pt;\"><span style=\"font-size: 12pt; font-family: \'Times New Roman\',serif; color: #333333; background-color: transparent; font-weight: 400; font-style: normal; font-variant: normal; text-decoration: none; vertical-align: baseline; white-space: pre-wrap;\">普通建設業許可</span></p>\r\n<p dir=\"ltr\" style=\"line-height: 1.2; background-color: #ffffff; margin-top: 0pt; margin-bottom: 0pt; padding: 0pt 0pt 5pt 0pt;\"><span style=\"font-size: 12pt; font-family: \'Times New Roman\',serif; color: #333333; background-color: transparent; font-weight: 400; font-style: normal; font-variant: normal; text-decoration: none; vertical-align: baseline; white-space: pre-wrap;\">エレベーター製造許可</span></p>\r\n<p dir=\"ltr\" style=\"line-height: 1.2; background-color: #ffffff; margin-top: 0pt; margin-bottom: 0pt; padding: 0pt 0pt 5pt 0pt;\"><span style=\"font-size: 12pt; font-family: \'Times New Roman\',serif; color: #333333; background-color: transparent; font-weight: 400; font-style: normal; font-variant: normal; text-decoration: none; vertical-align: baseline; white-space: pre-wrap;\">ISO9001</span></p>\r\n<p dir=\"ltr\" style=\"line-height: 1.2; background-color: #ffffff; margin-top: 0pt; margin-bottom: 0pt; padding: 0pt 0pt 5pt 0pt;\"><span style=\"font-size: 12pt; font-family: \'Times New Roman\',serif; color: #333333; background-color: transparent; font-weight: 400; font-style: normal; font-variant: normal; text-decoration: none; vertical-align: baseline; white-space: pre-wrap;\">UCMP</span></p>\r\n<p><strong id=\"docs-internal-guid-01cd3417-7fff-9410-0cbd-609df79c0544\" style=\"font-weight: normal;\">&nbsp;<img src=\"../../../../storage/uploads/ảnh nh&agrave; m&aacute;y.jpg\" alt=\"\" width=\"1030\" height=\"1030\" /></strong></p>\r\n<p dir=\"ltr\" style=\"line-height: 1.2; margin-top: 0pt; margin-bottom: 5pt;\"><span style=\"font-size: 12pt; font-family: \'Times New Roman\',serif; color: #333333; background-color: transparent; font-weight: 400; font-style: normal; font-variant: normal; text-decoration: none; vertical-align: baseline; white-space: pre-wrap;\">素晴らしいスタイルは、一種のハイグレードな生活をもたらします。 人生の意味を定義す ることはできませんが。</span></p>\r\n<p dir=\"ltr\" style=\"line-height: 1.2; margin-top: 0pt; margin-bottom: 5pt;\"><span style=\"font-size: 12pt; font-family: \'Times New Roman\',serif; color: #333333; background-color: transparent; font-weight: 400; font-style: normal; font-variant: normal; text-decoration: none; vertical-align: baseline; white-space: pre-wrap;\">ハイグレードな生活を選択しよう。</span></p>\r\n<p dir=\"ltr\" style=\"line-height: 1.2; margin-top: 0pt; margin-bottom: 5pt;\"><span style=\"font-size: 12pt; font-family: \'Times New Roman\',serif; color: #333333; background-color: transparent; font-weight: 400; font-style: normal; font-variant: normal; text-decoration: none; vertical-align: baseline; white-space: pre-wrap;\">富士エレベーターはハイテクで世界の窓を開きます。</span></p>\r\n<p dir=\"ltr\" style=\"line-height: 1.2; margin-top: 0pt; margin-bottom: 5pt;\"><span style=\"font-size: 12pt; font-family: \'Times New Roman\',serif; color: #333333; background-color: transparent; font-weight: 400; font-style: normal; font-variant: normal; text-decoration: none; vertical-align: baseline; white-space: pre-wrap;\">その品質の高さから、 世界市場で競争力があります。</span></p>\r\n<p dir=\"ltr\" style=\"line-height: 1.2; margin-top: 0pt; margin-bottom: 5pt;\"><span style=\"font-size: 12pt; font-family: \'Times New Roman\',serif; color: #333333; background-color: transparent; font-weight: 400; font-style: normal; font-variant: normal; text-decoration: none; vertical-align: baseline; white-space: pre-wrap;\">ドイツのライン川岸にある鐘の音に耳を傾け、 幻想的な芸術の華やぎを感じてください。</span></p>\r\n<p dir=\"ltr\" style=\"line-height: 1.2; margin-top: 0pt; margin-bottom: 5pt;\"><span style=\"font-size: 12pt; font-family: \'Times New Roman\',serif; color: #333333; background-color: transparent; font-weight: 400; font-style: normal; font-variant: normal; text-decoration: none; vertical-align: baseline; white-space: pre-wrap;\">時が経つにつれて、 私たちは常に目標を追求します。</span></p>\r\n<p dir=\"ltr\" style=\"line-height: 1.2; margin-top: 0pt; margin-bottom: 5pt;\"><span style=\"font-size: 12pt; font-family: \'Times New Roman\',serif; color: #333333; background-color: transparent; font-weight: 400; font-style: normal; font-variant: normal; text-decoration: none; vertical-align: baseline; white-space: pre-wrap;\">富士エレベーターは、エレベーター、エスカレーター、 動く歩道等、 様々なビル交通輸送システムの研究・開発・製造 に常に取り組んでおり、 何百年にもわたる試練と苦難の中で、 富士エレベーターの高度な技術を変えることはありませ ん。</span></p>\r\n<p dir=\"ltr\" style=\"line-height: 1.2; margin-top: 0pt; margin-bottom: 5pt;\"><span style=\"font-size: 12pt; font-family: \'Times New Roman\',serif; color: #333333; background-color: transparent; font-weight: 400; font-style: normal; font-variant: normal; text-decoration: none; vertical-align: baseline; white-space: pre-wrap;\">富士エレベーター100以上の国と地域のあらゆる種類のハイグレードビルで安全に稼働しています。 時が経っても、ドイ ツ国民の厳格で誠実な精神は受け継がれています。 富士エレベーターは、 世界中の最も優れたエレベーターとエスカ レーターを一般的に修理し、 芸術的なエレベーターパレスの門を開きます。</span></p>\r\n<p dir=\"ltr\" style=\"line-height: 1.2; margin-top: 0pt; margin-bottom: 5pt;\"><span style=\"font-size: 12pt; font-family: \'Times New Roman\',serif; color: #333333; background-color: transparent; font-weight: 400; font-style: normal; font-variant: normal; text-decoration: none; vertical-align: baseline; white-space: pre-wrap;\">富士エレベーター、 現代のエレベータ業界の第一人者として、過去を見つめ、明るい未来を歩んでいます。 それは、 古典 的なドイツの芸術と高度な現代技術を結び付けています。 西洋の建物と東洋の中国風の建物を結びます。</span></p>\r\n<p dir=\"ltr\" style=\"line-height: 1.2; margin-top: 0pt; margin-bottom: 5pt;\"><span style=\"font-size: 12pt; font-family: \'Times New Roman\',serif; color: #333333; background-color: transparent; font-weight: 400; font-style: normal; font-variant: normal; text-decoration: none; vertical-align: baseline; white-space: pre-wrap;\">これからは、 宇宙は光に語りかけ、 美学はハイテクと融合します。 は快適な操作と一体化しています。 スムーズな都会 の視線を心を込めて演出します。 富士ブランドの大きなビジョンがスタート。</span></p>\r\n<p>&nbsp;</p>\r\n<p dir=\"ltr\" style=\"line-height: 1.2; margin-top: 0pt; margin-bottom: 5pt;\"><span style=\"font-size: 12pt; font-family: \'Times New Roman\',serif; color: #333333; background-color: transparent; font-weight: 400; font-style: normal; font-variant: normal; text-decoration: none; vertical-align: baseline; white-space: pre-wrap;\">エレベーターとエスカレーターのソリューションプランのプロフェッショナルとして、 富士エレベーターはエレベーターの 研究、開発、設計、製造、販売、 設置、修理、メンテナンス、 変換を1つに統合します。</span></p>\r\n<p><span style=\"font-size: 12pt; font-family: \'Times New Roman\',serif; color: #333333; background-color: transparent; font-weight: 400; font-style: normal; font-variant: normal; text-decoration: none; vertical-align: baseline; white-space: pre-wrap;\">&nbsp;</span></p>', NULL, '2023-11-14 22:55:26'),
(14, 'ABOUT', 'home_text_en', '<p dir=\"ltr\" style=\"line-height: 1.2; margin-top: 0pt; margin-bottom: 5pt; text-align: justify;\"><span style=\"font-size: 12pt; font-family: \'Times New Roman\',serif; color: #333333; background-color: transparent; font-weight: 400; font-style: normal; font-variant: normal; text-decoration: none; vertical-align: baseline; white-space: pre-wrap;\">FUJI Elevator opens a window of the world with high tech.</span></p>\r\n<p dir=\"ltr\" style=\"line-height: 1.2; margin-top: 0pt; margin-bottom: 5pt; text-align: justify;\"><span style=\"font-size: 12pt; font-family: \'Times New Roman\',serif; color: #333333; background-color: transparent; font-weight: 400; font-style: normal; font-variant: normal; text-decoration: none; vertical-align: baseline; white-space: pre-wrap;\">It is competitive in the global markets because of the high quality.</span></p>\r\n<p dir=\"ltr\" style=\"line-height: 1.2; margin-top: 0pt; margin-bottom: 5pt; text-align: justify;\"><span style=\"font-size: 12pt; font-family: \'Times New Roman\',serif; color: #333333; background-color: transparent; font-weight: 400; font-style: normal; font-variant: normal; text-decoration: none; vertical-align: baseline; white-space: pre-wrap;\">Let\'s listen to the bell coming from the Bank of the Rhine river in Germany, feel the gorgeous charm of magical art in the air.</span></p>\r\n<p dir=\"ltr\" style=\"line-height: 1.2; margin-top: 0pt; margin-bottom: 5pt; text-align: justify;\"><span style=\"font-size: 12pt; font-family: \'Times New Roman\',serif; color: #333333; background-color: transparent; font-weight: 400; font-style: normal; font-variant: normal; text-decoration: none; vertical-align: baseline; white-space: pre-wrap;\">We always pursue our objectives as time goes by.</span></p>\r\n<p dir=\"ltr\" style=\"line-height: 1.2; margin-top: 0pt; margin-bottom: 5pt; text-align: justify;\"><span style=\"font-size: 12pt; font-family: \'Times New Roman\',serif; color: #333333; background-color: transparent; font-weight: 400; font-style: normal; font-variant: normal; text-decoration: none; vertical-align: baseline; white-space: pre-wrap;\">FUJI Elevator is always engaged in researching into, developing, manufacturing various building traffic and</span></p>\r\n<p dir=\"ltr\" style=\"line-height: 1.2; margin-top: 0pt; margin-bottom: 5pt; text-align: justify;\"><span style=\"font-size: 12pt; font-family: \'Times New Roman\',serif; color: #333333; background-color: transparent; font-weight: 400; font-style: normal; font-variant: normal; text-decoration: none; vertical-align: baseline; white-space: pre-wrap;\">transport systems such as elevator, escalator, moving walk etc. Through the centuries of trials and hardships, FUJI Elevator never changes its advanced technology.</span></p>\r\n<p dir=\"ltr\" style=\"line-height: 1.2; margin-top: 0pt; margin-bottom: 5pt; text-align: justify;\"><span style=\"font-size: 12pt; font-family: \'Times New Roman\',serif; color: #333333; background-color: transparent; font-weight: 400; font-style: normal; font-variant: normal; text-decoration: none; vertical-align: baseline; white-space: pre-wrap;\">FUJI Elevators safely operate in all kinds of high grade buildings in over 100 countries and regions. As time flies, it continues the rigorous and conscientious spirits of the German nation. FUJI Elevator popular-fixes the most superb elevators and escalators all over the world and opens the gate of the artistic elevator palace.</span></p>\r\n<p dir=\"ltr\" style=\"line-height: 1.2; margin-top: 0pt; margin-bottom: 5pt; text-align: justify;\"><span style=\"font-size: 12pt; font-family: \'Times New Roman\',serif; color: #333333; background-color: transparent; font-weight: 400; font-style: normal; font-variant: normal; text-decoration: none; vertical-align: baseline; white-space: pre-wrap;\">As a distinguished figure in the contemporary elevator industry, FUJI Elevator witnesses the past and strides forwards to a bright future. It connects classical German art with the advanced modern technology. It links the western european buildings with the eastern chinese style buildings.</span></p>\r\n<p dir=\"ltr\" style=\"line-height: 1.2; margin-top: 0pt; margin-bottom: 5pt; text-align: justify;\"><span style=\"font-size: 12pt; font-family: \'Times New Roman\',serif; color: #333333; background-color: transparent; font-weight: 400; font-style: normal; font-variant: normal; text-decoration: none; vertical-align: baseline; white-space: pre-wrap;\">From now on, space talks to light, aesthetics combined with high tech. Grace integrates with comfortable operation. It wholeheartedly creates a smooth urban sight line. It started a big vision for the FUJI brand.</span></p>\r\n<p style=\"text-align: justify;\"><span id=\"docs-internal-guid-ab40ab5c-7fff-23f1-58e4-4a97d3eef108\"></span></p>\r\n<p dir=\"ltr\" style=\"line-height: 1.2; margin-top: 0pt; margin-bottom: 5pt; text-align: justify;\"><span style=\"font-size: 12pt; font-family: \'Times New Roman\',serif; color: #333333; background-color: transparent; font-weight: 400; font-style: normal; font-variant: normal; text-decoration: none; vertical-align: baseline; white-space: pre-wrap;\">As a professional \"one-stop\" elevator and escalator solution plan supplier, FUJI Elevator integrates the elevator research, development, design, manufacture, sales, installation, repair, maintenance, transformation into one.</span></p>', NULL, '2023-11-16 19:00:24'),
(15, 'ABOUT', 'home_text_jp', '<p dir=\"ltr\" style=\"line-height: 1.2; margin-top: 0pt; margin-bottom: 5pt;\"><span style=\"font-size: 12pt; font-family: \'Times New Roman\',serif; color: #333333; background-color: transparent; font-weight: 400; font-style: normal; font-variant: normal; text-decoration: none; vertical-align: baseline; white-space: pre-wrap;\">素晴らしいスタイルは、一種のハイグレードな生活をもたらします。 人生の意味を定義す ることはできませんが。</span></p>\r\n<p dir=\"ltr\" style=\"line-height: 1.2; margin-top: 0pt; margin-bottom: 5pt;\"><span style=\"font-size: 12pt; font-family: \'Times New Roman\',serif; color: #333333; background-color: transparent; font-weight: 400; font-style: normal; font-variant: normal; text-decoration: none; vertical-align: baseline; white-space: pre-wrap;\">ハイグレードな生活を選択しよう。</span></p>\r\n<p dir=\"ltr\" style=\"line-height: 1.2; margin-top: 0pt; margin-bottom: 5pt;\"><span style=\"font-size: 12pt; font-family: \'Times New Roman\',serif; color: #333333; background-color: transparent; font-weight: 400; font-style: normal; font-variant: normal; text-decoration: none; vertical-align: baseline; white-space: pre-wrap;\">富士エレベーターはハイテクで世界の窓を開きます。</span></p>\r\n<p dir=\"ltr\" style=\"line-height: 1.2; margin-top: 0pt; margin-bottom: 5pt;\"><span style=\"font-size: 12pt; font-family: \'Times New Roman\',serif; color: #333333; background-color: transparent; font-weight: 400; font-style: normal; font-variant: normal; text-decoration: none; vertical-align: baseline; white-space: pre-wrap;\">その品質の高さから、 世界市場で競争力があります。</span></p>\r\n<p dir=\"ltr\" style=\"line-height: 1.2; margin-top: 0pt; margin-bottom: 5pt;\"><span style=\"font-size: 12pt; font-family: \'Times New Roman\',serif; color: #333333; background-color: transparent; font-weight: 400; font-style: normal; font-variant: normal; text-decoration: none; vertical-align: baseline; white-space: pre-wrap;\">ドイツのライン川岸にある鐘の音に耳を傾け、 幻想的な芸術の華やぎを感じてください。</span></p>\r\n<p dir=\"ltr\" style=\"line-height: 1.2; margin-top: 0pt; margin-bottom: 5pt;\"><span style=\"font-size: 12pt; font-family: \'Times New Roman\',serif; color: #333333; background-color: transparent; font-weight: 400; font-style: normal; font-variant: normal; text-decoration: none; vertical-align: baseline; white-space: pre-wrap;\">時が経つにつれて、 私たちは常に目標を追求します。</span></p>\r\n<p dir=\"ltr\" style=\"line-height: 1.2; margin-top: 0pt; margin-bottom: 5pt;\"><span style=\"font-size: 12pt; font-family: \'Times New Roman\',serif; color: #333333; background-color: transparent; font-weight: 400; font-style: normal; font-variant: normal; text-decoration: none; vertical-align: baseline; white-space: pre-wrap;\">富士エレベーターは、エレベーター、エスカレーター、 動く歩道等、 様々なビル交通輸送システムの研究・開発・製造 に常に取り組んでおり、 何百年にもわたる試練と苦難の中で、 富士エレベーターの高度な技術を変えることはありませ ん。</span></p>\r\n<p dir=\"ltr\" style=\"line-height: 1.2; margin-top: 0pt; margin-bottom: 5pt;\"><span style=\"font-size: 12pt; font-family: \'Times New Roman\',serif; color: #333333; background-color: transparent; font-weight: 400; font-style: normal; font-variant: normal; text-decoration: none; vertical-align: baseline; white-space: pre-wrap;\">富士エレベーター100以上の国と地域のあらゆる種類のハイグレードビルで安全に稼働しています。 時が経っても、ドイ ツ国民の厳格で誠実な精神は受け継がれています。 富士エレベーターは、 世界中の最も優れたエレベーターとエスカ レーターを一般的に修理し、 芸術的なエレベーターパレスの門を開きます。</span></p>\r\n<p dir=\"ltr\" style=\"line-height: 1.2; margin-top: 0pt; margin-bottom: 5pt;\"><span style=\"font-size: 12pt; font-family: \'Times New Roman\',serif; color: #333333; background-color: transparent; font-weight: 400; font-style: normal; font-variant: normal; text-decoration: none; vertical-align: baseline; white-space: pre-wrap;\">富士エレベーター、 現代のエレベータ業界の第一人者として、過去を見つめ、明るい未来を歩んでいます。 それは、 古典 的なドイツの芸術と高度な現代技術を結び付けています。 西洋の建物と東洋の中国風の建物を結びます。</span></p>\r\n<p dir=\"ltr\" style=\"line-height: 1.2; margin-top: 0pt; margin-bottom: 5pt;\"><span style=\"font-size: 12pt; font-family: \'Times New Roman\',serif; color: #333333; background-color: transparent; font-weight: 400; font-style: normal; font-variant: normal; text-decoration: none; vertical-align: baseline; white-space: pre-wrap;\">これからは、 宇宙は光に語りかけ、 美学はハイテクと融合します。 は快適な操作と一体化しています。 スムーズな都会 の視線を心を込めて演出します。 富士ブランドの大きなビジョンがスタート。</span></p>\r\n<p>&nbsp;</p>\r\n<p dir=\"ltr\" style=\"line-height: 1.2; margin-top: 0pt; margin-bottom: 5pt;\"><span style=\"font-size: 12pt; font-family: \'Times New Roman\',serif; color: #333333; background-color: transparent; font-weight: 400; font-style: normal; font-variant: normal; text-decoration: none; vertical-align: baseline; white-space: pre-wrap;\">エレベーターとエスカレーターのソリューションプランのプロフェッショナルとして、 富士エレベーターはエレベーターの 研究、開発、設計、製造、販売、 設置、修理、メンテナンス、 変換を1つに統合します。</span></p>', NULL, '2023-10-29 02:26:21');

-- --------------------------------------------------------

--
-- Table structure for table `migrations`
--

CREATE TABLE `migrations` (
  `id` int(10) UNSIGNED NOT NULL,
  `migration` varchar(255) NOT NULL,
  `batch` int(11) NOT NULL
) ENGINE=InnoDB DEFAULT CHARSET=utf8mb4 COLLATE=utf8mb4_unicode_ci;

--
-- Dumping data for table `migrations`
--

INSERT INTO `migrations` (`id`, `migration`, `batch`) VALUES
(1, '2014_10_12_000000_create_users_table', 1),
(2, '2014_10_12_100000_create_password_resets_table', 1),
(3, '2019_08_19_000000_create_failed_jobs_table', 1),
(28, '2023_10_02_173011_create_informations_table', 16),
(35, '2023_10_23_162217_create_products_table', 17),
(36, '2023_10_23_162226_create_product_categories_table', 17),
(37, '2023_10_23_162344_create_project_categories_table', 17),
(38, '2023_10_23_162352_create_projects_table', 17),
(39, '2023_10_24_161109_create_parts_table', 18),
(40, '2023_10_24_161417_create_part_serials_table', 18),
(41, '2023_10_29_161151_create_banners_table', 19),
(42, '2023_11_01_161306_add_type_to_banners_table', 20),
(43, '2023_11_02_161904_add_lang_to_parts_table', 21),
(44, '2023_11_19_153034_update_parts_table', 22),
(45, '2024_02_22_153034_update_parts_table_2', 23);

-- --------------------------------------------------------

--
-- Table structure for table `parts`
--

CREATE TABLE `parts` (
  `id` int(10) UNSIGNED NOT NULL,
  `product_id` int(10) UNSIGNED DEFAULT NULL,
  `code` varchar(255) NOT NULL,
  `image` text DEFAULT NULL,
  `type` varchar(255) DEFAULT NULL,
  `load` varchar(255) DEFAULT NULL,
  `speed` varchar(255) DEFAULT NULL,
  `power` varchar(255) DEFAULT NULL,
  `qc_number` varchar(255) DEFAULT NULL,
  `date` varchar(255) DEFAULT NULL,
  `description` text DEFAULT NULL,
  `is_active` tinyint(4) NOT NULL,
  `created_at` timestamp NULL DEFAULT NULL,
  `updated_at` timestamp NULL DEFAULT NULL,
  `title_en` varchar(255) NOT NULL,
  `title_jp` varchar(255) NOT NULL
) ENGINE=InnoDB DEFAULT CHARSET=utf8mb4 COLLATE=utf8mb4_unicode_ci;

--
-- Dumping data for table `parts`
--

INSERT INTO `parts` (`id`, `product_id`, `code`, `image`, `type`, `load`, `speed`, `power`, `qc_number`, `date`, `description`, `is_active`, `created_at`, `updated_at`, `title_en`, `title_jp`) VALUES
(3, NULL, '2023 FJTM01C - 450KG - 1.0M/S', 'storage/images/part/3/1700194159957316.jpg', 'FJTM01C', NULL, NULL, '123', NULL, '2023', 'Japan Origin - 日本の起源', 1, '2023-11-13 22:01:01', '2023-11-19 09:50:36', 'Elevator Gearless Traction Machine', 'エレベーターギアレス牽引機'),
(4, NULL, '2023 - FJG09 - 450KG - 1.5M/S', 'storage/images/part/4/1700194145704780.jpg', 'FJG09', '450 kg', '1.5 m/s', NULL, NULL, '2023', 'Japan Origin - 日本の起源', 1, '2023-11-13 22:11:07', '2023-11-16 19:09:05', 'Elevator Gearless Traction Machine', 'エレベーターギアレス牽引機'),
(5, NULL, '2023 - FJG09 - 630KG - 1.0M/S', 'storage/images/part/5/1700194211955022.jpg', 'FJG09', '630 kg', '1.0 m/s', NULL, NULL, '2023', 'Japan Origin - 日本の起源', 1, '2023-11-13 22:20:24', '2023-11-16 19:10:11', 'Elevator Gearless Traction Machine', 'エレベーターギアレス牽引機'),
(6, NULL, '2023 - FJG09 - 630KG - 1.5M/S', 'storage/images/part/6/1700194216346083.jpg', 'FJG09', '630 kg', '1.5 m/s', NULL, NULL, '2023', 'Japan Origin - 日本の起源', 1, '2023-11-13 23:22:08', '2023-11-16 19:10:16', 'Elevator Gearless Traction Machine', 'エレベーターギアレス牽引機'),
(7, NULL, '2023 - FJG09 - 800KG - 1.0M/S', 'storage/images/part/7/1700205063368170.jpg', 'FJG09', '800 kg', '1.0 m/s', NULL, NULL, '2023', 'Japan Origin - 日本の起源', 1, '2023-11-16 22:11:03', '2023-11-16 22:11:03', 'Elevator Gearless Traction Machine', 'エレベーターギアレス牽引機'),
(8, NULL, '2023 - FJG09 - 800KG - 1.5M/S', 'storage/images/part/8/1700207927913560.jpg', 'FJG09', '800 kg', '1.5 m/s', NULL, NULL, '2023', 'Japan Origin - 日本の起源', 1, '2023-11-16 22:58:47', '2023-11-16 22:58:47', 'Elevator Gearless Traction Machine', 'エレベーターギアレス牽引機'),
(9, NULL, '2023 - FJG09 - 1000KG - 1.0M/S', 'storage/images/part/9/1700208085280000.jpg', 'FJG09', '1000 kg', '1.0 m/s', NULL, NULL, '2023', 'Japan Origin - 日本の起源', 1, '2023-11-16 23:01:25', '2023-11-16 23:01:25', 'Elevator Gearless Traction Machine', 'エレベーターギアレス牽引機'),
(10, NULL, '2023 - FJG09 - 1000KG - 1.5M/S', 'storage/images/part/10/1700208278890981.jpg', 'FJG09', '1000 kg', '1.5 m/s', NULL, NULL, '2023', 'Japan Origin - 日本の起源', 1, '2023-11-16 23:04:38', '2023-11-16 23:04:38', 'Elevator Gearless Traction Machine', 'エレベーターギアレス牽引機'),
(11, NULL, '2023 - FJTM03 - 630KG - 1.0M/S', 'storage/images/part/11/1700208435378432.jpg', 'FJTM03', '630 kg', '1.0 m/s', NULL, NULL, '2023', 'Japan Origin - 日本の起源', 1, '2023-11-16 23:07:15', '2023-11-16 23:07:15', 'Elevator Gearless Traction Machine', 'エレベーターギアレス牽引機'),
(12, NULL, '2023 - FJTM03 - 630KG - 1.5M/S', 'storage/images/part/12/1700209201634934.jpg', 'FJTM03', '630 kg', '1.5 m/s', NULL, NULL, '2023', 'Japan Origin - 日本の起源', 1, '2023-11-16 23:20:01', '2023-11-16 23:20:01', 'Elevator Gearless Traction Machine', 'エレベーターギアレス牽引機'),
(13, NULL, '2023 - FJTM03 - 800KG - 1.0M/S', 'storage/images/part/13/1700209323360622.jpg', 'FJTM03', '800 kg', '1.0 m/s', NULL, NULL, '2023', 'Japan Origin - 日本の起源', 1, '2023-11-16 23:22:03', '2023-11-16 23:22:03', 'Elevator Gearless Traction Machine', 'エレベーターギアレス牽引機'),
(14, NULL, '2023 - FJTM03 - 800KG - 1.5M/S', 'storage/images/part/14/1700209549867612.jpg', 'FJTM03', '800 kg', '1.5 m/s', NULL, NULL, '2023', 'Japan Origin - 日本の起源', 1, '2023-11-16 23:25:49', '2023-11-16 23:25:49', 'Elevator Gearless Traction Machine', 'エレベーターギアレス牽引機'),
(15, NULL, '2023 - FJTM03 - 1000KG - 1.0M/S', 'storage/images/part/15/1700209647380704.jpg', 'FJTM03', '1000 kg', '1.0 m/s', NULL, NULL, '2023', 'Japan Origin - 日本の起源', 1, '2023-11-16 23:27:27', '2023-11-16 23:27:27', 'Elevator Gearless Traction Machine', 'エレベーターギアレス牽引機'),
(16, NULL, '2023 - FJTM03 - 1000KG - 1.5M/S', 'storage/images/part/16/1700209821744202.jpg', 'FJTM03', '1000 kg', '1.5 m/s', NULL, '1234567890', '2023', 'Japan Origin - 日本の起源', 1, '2023-11-16 23:30:21', '2024-02-22 10:01:31', 'Elevator Gearless Traction Machine', 'エレベーターギアレス牽引機');

-- --------------------------------------------------------

--
-- Table structure for table `part_serials`
--

CREATE TABLE `part_serials` (
  `id` int(10) UNSIGNED NOT NULL,
  `product_id` int(10) UNSIGNED DEFAULT NULL,
  `part_id` int(10) UNSIGNED NOT NULL,
  `serial` varchar(255) NOT NULL,
  `secret` varchar(255) NOT NULL,
  `is_active` tinyint(4) NOT NULL,
  `created_at` timestamp NULL DEFAULT NULL,
  `updated_at` timestamp NULL DEFAULT NULL
) ENGINE=InnoDB DEFAULT CHARSET=utf8mb4 COLLATE=utf8mb4_unicode_ci;

--
-- Dumping data for table `part_serials`
--

INSERT INTO `part_serials` (`id`, `product_id`, `part_id`, `serial`, `secret`, `is_active`, `created_at`, `updated_at`) VALUES
(48, NULL, 3, '23JP029087', '45SA1185PY21', 1, '2023-11-13 22:22:51', '2023-11-13 22:22:51'),
(49, NULL, 3, '23JP029089', 'ZB4C25DS5VP5', 1, '2023-11-13 22:23:48', '2023-11-13 22:23:48'),
(50, NULL, 3, '23JP029090', '8AS556CMM53', 1, '2023-11-13 22:25:17', '2023-11-13 22:25:17'),
(51, NULL, 3, '23JP029091', '45SW3E79T1L4', 1, '2023-11-13 22:28:29', '2023-11-13 22:28:29'),
(52, NULL, 3, '23JP029092', '9DU4ST325S93', 1, '2023-11-13 22:29:18', '2023-11-13 22:29:18'),
(53, NULL, 3, '23JP029094', '8AS556CMM54', 1, '2023-11-13 22:30:15', '2023-11-13 22:30:15'),
(54, NULL, 3, '23JP029095', 'DHG1784S2T20', 1, '2023-11-13 22:31:01', '2023-11-13 22:31:01'),
(55, NULL, 3, '23JP029096', '45SA1185PY14', 1, '2023-11-13 22:32:44', '2023-11-13 22:32:44'),
(56, NULL, 3, '23JP029119', '5PT292HN3S27', 1, '2023-11-13 22:33:38', '2023-11-13 22:33:38'),
(57, NULL, 3, '23JP029120', '45SA1185PY11', 1, '2023-11-13 22:34:59', '2023-11-13 22:34:59'),
(58, NULL, 4, '23JP029121', '3BU45S378T22', 1, '2023-11-13 22:44:09', '2023-11-13 22:44:09'),
(59, NULL, 4, '23JP029122', 'LA9125DX1B39', 1, '2023-11-13 22:46:17', '2023-11-13 22:46:17'),
(60, NULL, 4, '23JP029123', 'A25S175BM252', 1, '2023-11-13 22:47:43', '2023-11-13 22:47:43'),
(61, NULL, 4, '23JP029124', '45SW3E79T1L3', 1, '2023-11-13 22:48:56', '2023-11-13 22:48:56'),
(62, NULL, 4, '23JP029125', '3BU45S378T15', 1, '2023-11-13 22:49:23', '2023-11-13 22:49:23'),
(63, NULL, 4, '23JP029126', 'LA9125DX1B36', 1, '2023-11-13 22:50:20', '2023-11-13 22:50:20'),
(64, NULL, 4, '23JP029127', 'SH4T188XA823', 1, '2023-11-13 22:51:19', '2023-11-13 22:51:19'),
(65, NULL, 4, '23JP029128', 'ZB4C25DS5VP1', 1, '2023-11-13 22:52:06', '2023-11-13 22:52:06'),
(66, NULL, 4, '23JP029129', '9DU4ST325S98', 1, '2023-11-13 22:53:13', '2023-11-13 22:53:13'),
(67, NULL, 4, '23JP029130', '3BU45S378T20', 1, '2023-11-13 22:55:04', '2023-11-13 22:55:04'),
(68, NULL, 5, '23JP029097', '9DU4ST325S97', 1, '2023-11-13 22:56:48', '2023-11-13 22:56:48'),
(69, NULL, 5, '23JP029098', '5PT292HN3S22', 1, '2023-11-13 22:58:19', '2023-11-13 22:58:19'),
(70, NULL, 5, '23JP029099', 'A25S175BM246', 1, '2023-11-13 23:01:03', '2023-11-13 23:01:03'),
(71, NULL, 5, '23JP029100', '8AS556CMM60', 1, '2023-11-13 23:02:22', '2023-11-13 23:02:22'),
(72, NULL, 5, '23JP029101', '45SW3E79T1L8', 1, '2023-11-13 23:04:33', '2023-11-13 23:04:33'),
(73, NULL, 5, '23JP029102', 'SH4T188XA828', 1, '2023-11-13 23:05:36', '2023-11-13 23:05:36'),
(74, NULL, 5, '23JP029103', '45SA1185PY12', 1, '2023-11-13 23:08:09', '2023-11-13 23:08:09'),
(75, NULL, 5, '23JP029104', '5PT292HN3S25', 1, '2023-11-13 23:09:23', '2023-11-13 23:09:23'),
(76, NULL, 5, '23JP029105', '8AS556CMM52', 1, '2023-11-13 23:10:48', '2023-11-13 23:10:48'),
(77, NULL, 5, '23JP029106', '45SA1185PY18', 1, '2023-11-13 23:11:21', '2023-11-13 23:11:21'),
(78, NULL, 6, '23JP029109', 'A25S175BM250', 1, '2023-11-13 23:23:44', '2023-11-13 23:23:44'),
(79, NULL, 6, '23JP029110', 'LA9125DX1B31', 1, '2023-11-13 23:25:24', '2023-11-13 23:25:24'),
(80, NULL, 7, '23JP029112', 'LA9125DX1B32', 1, '2023-11-16 22:56:13', '2023-11-16 22:56:13'),
(81, NULL, 7, '23JP029113', '45SA1185PY13', 1, '2023-11-16 22:57:05', '2023-11-16 22:57:05'),
(82, NULL, 7, '23JP029114', 'DHG1784S2T16', 1, '2023-11-16 22:58:21', '2023-11-16 22:58:21'),
(86, NULL, 9, '23JP029117', '8AS556CMM57', 1, '2023-11-16 23:02:04', '2023-11-16 23:02:04'),
(87, NULL, 8, '23JP029115', 'A25S175BM248', 1, NULL, NULL),
(88, NULL, 8, '23JP029116', '158NK745VD26', 1, NULL, NULL),
(89, NULL, 9, '23JP029118', '8AS556CMM59', 1, '2023-11-16 23:03:07', '2023-11-16 23:03:07'),
(92, NULL, 10, '23JP029119', '45SA1185PY16', 1, NULL, NULL),
(93, NULL, 10, '23JP029120', '8AS556CMM56', 1, NULL, NULL),
(94, NULL, 11, '23JP029097', '3BU45S378T11', 1, '2023-11-16 23:08:48', '2023-11-16 23:08:48'),
(95, NULL, 11, '23JP029098', 'SH4T188XA821', 1, '2023-11-16 23:11:29', '2023-11-16 23:11:29'),
(96, NULL, 11, '23JP029099', 'A25S175BM242', 1, '2023-11-16 23:11:47', '2023-11-16 23:11:47'),
(97, NULL, 11, '23JP029100', 'LA9125DX1B35', 1, '2023-11-16 23:12:32', '2023-11-16 23:12:32'),
(98, NULL, 11, '23JP029101', '45SW3E79T1L6', 1, '2023-11-16 23:12:55', '2023-11-16 23:12:55'),
(99, NULL, 11, '23JP029102', '158NK745VD23', 1, '2023-11-16 23:13:12', '2023-11-16 23:13:12'),
(100, NULL, 11, '23JP029103', 'A25S175BM245', 1, '2023-11-16 23:13:33', '2023-11-16 23:13:33'),
(101, NULL, 11, '23JP029104', '5PT292HN3S21', 1, '2023-11-16 23:13:51', '2023-11-16 23:13:51'),
(102, NULL, 11, '23JP029105', '45SA1185PY19', 1, '2023-11-16 23:14:08', '2023-11-16 23:14:08'),
(103, NULL, 11, '23JP029106', '3BU45S378T21', 1, '2023-11-16 23:14:14', '2023-11-16 23:14:14'),
(104, NULL, 12, '23JP029109', 'ZB4C25DS5VP7', 1, '2023-11-16 23:20:50', '2023-11-16 23:20:50'),
(105, NULL, 12, '23JP029110', '5PT292HN3S26', 1, '2023-11-16 23:22:27', '2023-11-16 23:22:27'),
(106, NULL, 12, '23JP029111', '9DU4ST325S92', 1, '2023-11-16 23:22:55', '2023-11-16 23:22:55'),
(107, NULL, 13, '23JP029112', 'SH4T188XA824', 1, '2023-11-16 23:23:15', '2023-11-16 23:23:15'),
(108, NULL, 13, '23JP029113', '158NK745VD24', 1, '2023-11-16 23:23:55', '2023-11-16 23:23:55'),
(109, NULL, 13, '23JP029114', '3BU45S378T12', 1, '2023-11-16 23:24:30', '2023-11-16 23:24:30'),
(110, NULL, 14, '23JP029115', 'ZB4C25DS5VP3', 1, '2023-11-16 23:26:32', '2023-11-16 23:26:32'),
(111, NULL, 14, '23JP029116', '5PT292HN3S28', 1, '2023-11-16 23:27:41', '2023-11-16 23:27:41'),
(112, NULL, 15, '23JP029117', 'ZB4C25DS5VP4', 1, '2023-11-16 23:28:27', '2023-11-16 23:28:27'),
(113, NULL, 15, '23JP029118', 'ZB4C25DS5VP2', 1, '2023-11-16 23:29:20', '2023-11-16 23:29:20'),
(114, NULL, 16, '23JP029119', 'LA9125DX1B33', 1, '2023-11-16 23:31:04', '2023-11-16 23:31:04'),
(115, NULL, 16, '23JP029120', '158NK745VD30', 1, '2023-11-16 23:31:51', '2023-11-16 23:31:51');

-- --------------------------------------------------------

--
-- Table structure for table `password_resets`
--

CREATE TABLE `password_resets` (
  `email` varchar(255) NOT NULL,
  `token` varchar(255) NOT NULL,
  `created_at` timestamp NULL DEFAULT NULL
) ENGINE=InnoDB DEFAULT CHARSET=utf8mb4 COLLATE=utf8mb4_unicode_ci;

-- --------------------------------------------------------

--
-- Table structure for table `products`
--

CREATE TABLE `products` (
  `id` int(10) UNSIGNED NOT NULL,
  `product_category_id` int(10) UNSIGNED NOT NULL,
  `title_en` varchar(255) NOT NULL,
  `title_jp` varchar(255) NOT NULL,
  `slug` text NOT NULL,
  `image` text DEFAULT NULL,
  `description_en` text DEFAULT NULL,
  `description_jp` text DEFAULT NULL,
  `content_en` text DEFAULT NULL,
  `content_jp` text DEFAULT NULL,
  `is_active` tinyint(4) NOT NULL,
  `created_at` timestamp NULL DEFAULT NULL,
  `updated_at` timestamp NULL DEFAULT NULL
) ENGINE=InnoDB DEFAULT CHARSET=utf8mb4 COLLATE=utf8mb4_unicode_ci;

--
-- Dumping data for table `products`
--

INSERT INTO `products` (`id`, `product_category_id`, `title_en`, `title_jp`, `slug`, `image`, `description_en`, `description_jp`, `content_en`, `content_jp`, `is_active`, `created_at`, `updated_at`) VALUES
(9, 4, 'Small Machine Room Elevator', 'コンパクトな機械室のエレベーター', 'small-machine-room-elevator', 'storage/images/product/9/1700035890259778.jpg', 'Small volume traction machine combines with an integrated controller, so that it makes the machine room size the same as well size. It covers the equal area as that of the well. At the same time of reducing the machine room height it beautifies the building outlook. It fulfills super small standards of machine room space and building cost.', '小さな荷物を運ぶエレベーターは、統合制御システムと組み合わせて、適切なサイズの機械室を持つようにし、あなたの家をより美しくする。乗客エレベーターは非常に小さな最上階の高さだけを必要とし、建設コストも高くない。', '<p>&nbsp; &nbsp; &nbsp; &nbsp; &nbsp; &nbsp; &nbsp; &nbsp; &nbsp; &nbsp; &nbsp; &nbsp; &nbsp; &nbsp; &nbsp; &nbsp; &nbsp; &nbsp; &nbsp; &nbsp; &nbsp;<img src=\"../../../storage/uploads/c&oacute; ph&ograve;ng m&aacute;y ảnh 1.PNG\" alt=\"\" width=\"650\" height=\"626\" /></p>\r\n<p><strong>Small Machine Room Elevator Construction Sketch</strong></p>\r\n<p><strong><img src=\"../../../storage/uploads/c&oacute; ph&ograve;ng m&aacute;y drawing.PNG\" alt=\"\" width=\"1000\" height=\"1016\" /></strong></p>\r\n<p><strong>Specification</strong></p>\r\n<p><strong><img src=\"../../../storage/uploads/c&oacute; ph&ograve;ng m&aacute;y th&ocirc;ng số.PNG\" alt=\"\" width=\"1000\" height=\"781\" /></strong></p>', '<p>&nbsp; &nbsp; &nbsp; &nbsp; &nbsp; &nbsp; &nbsp; &nbsp; &nbsp; &nbsp; &nbsp; &nbsp; &nbsp; &nbsp; &nbsp; &nbsp; &nbsp;<img src=\"../../../storage/uploads/c&oacute; ph&ograve;ng m&aacute;y ảnh nhật.PNG\" alt=\"\" width=\"650\" height=\"622\" /></p>\r\n<p><strong>小型機械室エレベーター建設スケッチ</strong></p>\r\n<p><img src=\"../../../storage/uploads/c&oacute; ph&ograve;ng m&aacute;y drawing2.PNG\" alt=\"\" width=\"1000\" height=\"1016\" /></p>\r\n<p><strong>仕様書</strong></p>\r\n<p><img src=\"../../../storage/uploads/c&oacute; ph&ograve;ng m&aacute;y th&ocirc;ng số nhật.PNG\" alt=\"\" width=\"1000\" height=\"802\" /></p>', 1, '2023-11-01 22:52:04', '2023-11-14 23:11:30'),
(10, 4, 'Machine Room-less Elevator', '部屋のないエレベーター', 'machine-room-less-elevator', 'storage/images/product/10/1700035719728492.jpg', 'FUJI machine room-less elevator series resolves the restriction to the elevator in the construction, building cost, building design style, use range. At the same time of saving the space and cost, it provides the passengers with upper level intellectual, effective and stable travel.', 'FUJIのエレベーターの機械室のないモデルは、建設、建設費用、建物のデザインスタイル、利用範囲に関する制約を克服する。同時にスペースとコストを節約し、乗客にスマートで効率的かつ安定した移動を提供する。', '<p><strong>&nbsp; &nbsp; &nbsp; &nbsp; &nbsp; &nbsp; &nbsp; &nbsp; &nbsp; &nbsp; &nbsp; &nbsp; &nbsp; &nbsp; &nbsp; &nbsp; &nbsp; &nbsp; &nbsp;<img src=\"../../../storage/uploads/k ph&ograve;ng m&aacute;y ảnh 1.PNG\" alt=\"\" width=\"650\" height=\"562\" /></strong></p>\r\n<p><strong>Machine Room-less Elevator Construction Sketch</strong></p>\r\n<p><img src=\"../../../storage/uploads/K PH&Ograve;NG M&Aacute;Y DRAWING.PNG\" alt=\"\" width=\"1000\" height=\"1137\" /></p>\r\n<p><strong>Specification</strong></p>\r\n<p><strong><img src=\"../../../storage/uploads/th&ocirc;ng số k ph&ograve;ng m&aacute;y.PNG\" alt=\"\" width=\"1000\" height=\"433\" /></strong></p>', '<p><strong>&nbsp; &nbsp; &nbsp; &nbsp; &nbsp; &nbsp; &nbsp; &nbsp; &nbsp; &nbsp; &nbsp; &nbsp; &nbsp; &nbsp; &nbsp; &nbsp; &nbsp; &nbsp; <img src=\"../../../storage/uploads/k ph&ograve;ng m&aacute;y ảnh nhật.PNG\" alt=\"\" width=\"650\" height=\"592\" /></strong></p>\r\n<p><strong>機械室レスエレベーターの構造スケッチ</strong></p>\r\n<p><img src=\"../../../storage/uploads/k ph&ograve;ng m&aacute;y drawing 2.PNG\" alt=\"\" width=\"1000\" height=\"1161\" /></p>\r\n<p><strong>仕様書</strong></p>\r\n<p><strong><img src=\"../../../storage/uploads/k ph&ograve;ng m&aacute;y th&ocirc;ng số nhật.PNG\" alt=\"\" width=\"1000\" height=\"434\" /></strong></p>', 1, '2023-11-01 23:07:11', '2023-11-14 23:08:39'),
(11, 5, 'Gearless Traction Machine FJG09', 'エレベーターギヤレス巻上機 FJG09', 'gearless-traction-machine-fjg09', 'storage/images/product/11/1699944517047604.jpg', 'Rated load: 630-1000kg\r\nRated speed: 1.0-2.0m/s\r\nSuspension: 2:1', '定格荷重:630-1000kg\r\n定格速度: 1.0-2.0m/s\r\nサスペンション: 2:1', '<p><strong>FEATURE</strong></p>\r\n<p>- Special housing design provides stable and high structural rigidity. Design is verified FEM and physical mechanical test.</p>\r\n<p>- Designed by outer rotor. Possible to generate bigger torque with low noise and vibration. Provides a comfortable ride.</p>\r\n<p>- Solid construction for permissible shaft load Fs at the traction sheave up to 35kN</p>\r\n<p>- Safety brake system with electro-magnetical release, provides min. 2x950Nm</p>\r\n<p>- Groove profiles according to lift system</p>\r\n<p>- Perfect rated motor, use of high-performance permanent magnet, degree of protection IP40, insulation class 155&deg;C (F), temperature control</p>\r\n<p>-Motor with 2 times overload capacity; max. traveling height up to 120m</p>\r\n<p>- EC type-examination certificate according to EN 81-20/50, can be used for UCM solution</p>\r\n<p>- Inverter compatible measuring device, rigid coupling or integrated. (e.g. ECN 1313; ERN 1387; TS5213N2503; EI53C9.25-2048-SA5N2T)</p>\r\n<p>- Variable options regarding voltage, speed, torque, braking torque and traction sheave parameters</p>\r\n<p>- The braker passed 2 million times braking. After the test, its performance is still in specification. Safety is guaranteed.</p>\r\n<p>&nbsp;</p>\r\n<p><strong>DIMENSION DRAWING</strong></p>\r\n<p><img src=\"../../../storage/uploads/Catalog-Japan-20237_0.jpg\" alt=\"\" width=\"1000\" height=\"831\" /></p>\r\n<p><strong>SPECIFICATION</strong></p>\r\n<p><strong><img src=\"../../../storage/uploads/E-_Mr-Tu_Scan_Mr-Tu_Catalog-Japan-2023_Catalog-Japan-2022-Folder_View-2023_Catalog-Japan-20236a_07.gif\" alt=\"\" width=\"1000\" height=\"403\" /></strong></p>\r\n<p><strong><img src=\"../../../storage/uploads/fjg09.2.jpg\" alt=\"\" width=\"1000\" height=\"531\" /></strong></p>\r\n<p>&nbsp;</p>', '<p class=\"MsoNormal\"><strong style=\"mso-bidi-font-weight: normal;\"><span lang=\"EN-US\" style=\"font-family: \'MS Gothic\'; mso-bidi-font-family: \'MS Gothic\';\">特徴</span></strong></p>\r\n<p class=\"MsoNormal\">- <span lang=\"EN-US\" style=\"font-family: \'MS Gothic\'; mso-bidi-font-family: \'MS Gothic\';\">特殊なハウジング設計により、安定した高い構造剛性を実現します。</span> <span lang=\"EN-US\" style=\"font-family: \'MS Gothic\'; mso-bidi-font-family: \'MS Gothic\';\">設計は</span> FEM <span lang=\"EN-US\" style=\"font-family: \'MS Gothic\'; mso-bidi-font-family: \'MS Gothic\';\">および物理機械テストで検証されています。</span></p>\r\n<p class=\"MsoNormal\">-<span lang=\"EN-US\" style=\"font-family: \'MS Gothic\'; mso-bidi-font-family: \'MS Gothic\';\">アウターローター専用設計。</span> <span lang=\"EN-US\" style=\"font-family: \'MS Gothic\'; mso-bidi-font-family: \'MS Gothic\';\">低騒音・低振動でより大きなトルクを発生することが可能です。</span> <span lang=\"EN-US\" style=\"font-family: \'MS Gothic\'; mso-bidi-font-family: \'MS Gothic\';\">快適な乗り心地を実現します。</span></p>\r\n<p class=\"MsoNormal\">- <span lang=\"EN-US\" style=\"font-family: \'MS Gothic\'; mso-bidi-font-family: \'MS Gothic\';\">トラクションシーブでの許容軸荷重</span> Fs <span lang=\"EN-US\" style=\"font-family: \'MS Gothic\'; mso-bidi-font-family: \'MS Gothic\';\">が</span> 35kN <span lang=\"EN-US\" style=\"font-family: \'MS Gothic\'; mso-bidi-font-family: \'MS Gothic\';\">までの堅牢な構造</span></p>\r\n<p class=\"MsoNormal\">- <span lang=\"EN-US\" style=\"font-family: \'MS Gothic\'; mso-bidi-font-family: \'MS Gothic\';\">電磁リリースを備えた安全ブレーキシステムは、最小を提供します。</span> 2&times;950Nm</p>\r\n<p class=\"MsoNormal\">- <span lang=\"EN-US\" style=\"font-family: \'MS Gothic\'; mso-bidi-font-family: \'MS Gothic\';\">リフトシステムに応じた溝プロファイル</span></p>\r\n<p class=\"MsoNormal\">- <span lang=\"EN-US\" style=\"font-family: \'MS Gothic\'; mso-bidi-font-family: \'MS Gothic\';\">完全定格モーター、高性能永久磁石の使用、保護等級</span> IP40<span lang=\"EN-US\" style=\"font-family: \'MS Gothic\'; mso-bidi-font-family: \'MS Gothic\';\">、絶縁クラス</span> 155&deg;C (F)<span lang=\"EN-US\" style=\"font-family: \'MS Gothic\'; mso-bidi-font-family: \'MS Gothic\';\">、温度制御</span></p>\r\n<p class=\"MsoNormal\">-2<span lang=\"EN-US\" style=\"font-family: \'MS Gothic\'; mso-bidi-font-family: \'MS Gothic\';\">倍の過負荷容量を持つモーター。</span> <span lang=\"EN-US\" style=\"font-family: \'MS Gothic\'; mso-bidi-font-family: \'MS Gothic\';\">最大。</span> <span lang=\"EN-US\" style=\"font-family: \'MS Gothic\'; mso-bidi-font-family: \'MS Gothic\';\">走行高度</span>120m<span lang=\"EN-US\" style=\"font-family: \'MS Gothic\'; mso-bidi-font-family: \'MS Gothic\';\">まで</span></p>\r\n<p class=\"MsoNormal\">- EN 81-20/50 <span lang=\"EN-US\" style=\"font-family: \'MS Gothic\'; mso-bidi-font-family: \'MS Gothic\';\">に準拠した</span> EC <span lang=\"EN-US\" style=\"font-family: \'MS Gothic\'; mso-bidi-font-family: \'MS Gothic\';\">型式検査証明書、</span>UCM <span lang=\"EN-US\" style=\"font-family: \'MS Gothic\'; mso-bidi-font-family: \'MS Gothic\';\">ソリューションに使用可能</span></p>\r\n<p class=\"MsoNormal\">- <span lang=\"EN-US\" style=\"font-family: \'MS Gothic\'; mso-bidi-font-family: \'MS Gothic\';\">インバータ対応の測定装置、リジッドカップリングまたは一体型。</span> (<span lang=\"EN-US\" style=\"font-family: \'MS Gothic\'; mso-bidi-font-family: \'MS Gothic\';\">例</span>: ECN 1313; ERN 1387; TS5213N2503; EI53C9.25-2048-SA5N2T)</p>\r\n<p class=\"MsoNormal\">- <span lang=\"EN-US\" style=\"font-family: \'MS Gothic\'; mso-bidi-font-family: \'MS Gothic\';\">電圧、速度、トルク、制動トルク、トラクションシーブパラメータに関する可変オプション</span></p>\r\n<p class=\"MsoNormal\">- <span lang=\"EN-US\" style=\"font-family: \'MS Gothic\'; mso-bidi-font-family: \'MS Gothic\';\">ブレーキング回数は</span>200<span lang=\"EN-US\" style=\"font-family: \'MS Gothic\'; mso-bidi-font-family: \'MS Gothic\';\">万回を超えました。</span> <span lang=\"EN-US\" style=\"font-family: \'MS Gothic\'; mso-bidi-font-family: \'MS Gothic\';\">テスト後も、その性能は仕様どおりです。</span> <span lang=\"EN-US\" style=\"font-family: \'MS Gothic\'; mso-bidi-font-family: \'MS Gothic\';\">安全性は保証されています。</span></p>\r\n<p>&nbsp;</p>\r\n<p><strong>寸法図</strong></p>\r\n<p><img src=\"../../../storage/uploads/Catalog-Japan-20237_0.jpg\" alt=\"\" width=\"1000\" height=\"831\" /></p>\r\n<p><strong>仕様</strong></p>\r\n<p><img src=\"../../../storage/uploads/SPECIFICATION NHẬT.PNG\" alt=\"\" width=\"1000\" height=\"406\" /></p>\r\n<p><img src=\"../../../storage/uploads/TH&Ocirc;NG SỐ NHẬT.PNG\" alt=\"\" width=\"1000\" height=\"802\" /></p>', 1, '2023-11-05 22:20:31', '2023-11-16 18:37:51'),
(12, 5, 'Gearless Traction Machine FJTM01C', 'エレベータギヤレス巻上機 FJTM01C', 'gearless-traction-machine-fjtm01c', 'storage/images/product/12/1699944296486655.jpg', 'Rated load: 450kg\r\nRated speed: 1.0m/s\r\nSuspension: 2:1', '定格荷重：450kg\r\n定格速度：1.0m/s\r\nサスペンション: 2:1', '<p><strong>FEATURE</strong></p>\r\n<p>- Compact design suitable for home elevators</p>\r\n<p>- Designed by outer rotor. Possible to generate bigger torque with low noise and vibration. Provides a comfortable ride.</p>\r\n<p>- Safety brake system with electro-magnetical release</p>\r\n<p>- Groove profiles according to lift system</p>\r\n<p>- Perfect rated motor, use of high-performance permanent magnet, degree of protection IP41, insulation class 155&deg;C (F), temperature control</p>\r\n<p>- Variable options regarding voltage, speed, torque, braking torque and traction sheave parameters</p>\r\n<p>&nbsp;</p>\r\n<p><strong>DIMENSION DRAWING</strong></p>\r\n<p><img src=\"../../../storage/uploads/drawing.PNG\" alt=\"\" width=\"1000\" height=\"485\" /></p>\r\n<p>&nbsp;</p>\r\n<p><strong>SPECIFICATION</strong></p>\r\n<p><strong><img src=\"../../../storage/uploads/E-_Mr-Tu_Scan_Mr-Tu_Catalog-Japan-2023_Catalog-Japan-2022-Folder_View-2023_Catalog-Japan-20236a_07.jpg\" alt=\"\" width=\"624\" height=\"222\" /></strong></p>\r\n<p><img src=\"../../../storage/uploads/FJTM01C.1.jpg\" alt=\"\" width=\"1000\" height=\"196\" /></p>\r\n<p>&nbsp;</p>\r\n<p>&nbsp;</p>', '<p><strong>特徴</strong></p>\r\n<p>- ホームエレベーターに最適なコンパクト設計</p>\r\n<p>- アウターローター専用設計。 低騒音・低振動でより大きなトルクを発生することが可能です。 快適な乗り心地を実現します。</p>\r\n<p>- 電磁リリース付き安全ブレーキシステム</p>\r\n<p>- リフトシステムに応じた溝プロファイル</p>\r\n<p>- 完全定格モーター、高性能永久磁石の使用、保護等級 IP41、絶縁クラス 155&deg;C (F)、温度制御</p>\r\n<p>- 電圧、速度、トルク、制動トルク、トラクションシーブパラメータに関する可変オプション</p>\r\n<p>&nbsp;</p>\r\n<p><strong>寸法図</strong></p>\r\n<p><img src=\"../../../storage/uploads/drawing.PNG\" alt=\"\" width=\"1000\" height=\"485\" /></p>\r\n<p>&nbsp;</p>\r\n<p><strong>仕様</strong></p>\r\n<p><img src=\"../../../storage/uploads/th&ocirc;ng số nhật.PNG\" alt=\"\" width=\"617\" height=\"254\" /></p>\r\n<p><img src=\"../../../storage/uploads/th&ocirc;ng số nhật 2.PNG\" alt=\"\" width=\"1000\" height=\"282\" /></p>', 1, '2023-11-05 23:59:28', '2023-11-16 18:35:44'),
(13, 5, 'Gearless Traction Machine FJTM03', 'エレベータギヤレス巻上機 FJTM03', 'gearless-traction-machine-fjtm03', 'storage/images/product/13/1699944196972473.jpg', 'Rated load: 630-1000kg\r\nRated speed: 1.0-1.75m/s\r\nSuspension: 2:1', '定格荷重:630-1000kg\r\n定格速度: 1.0-1.75m/s\r\nサスペンション: 2:1', '<p><strong>FEATURE</strong></p>\r\n<p>- Designed by outer rotor. Possible to generate bigger torque with low noise and vibration. Provides a comfortable ride.</p>\r\n<p>- Solid construction for permissible shaft load Fs at the traction sheave up to 35kN</p>\r\n<p>- Safety brake system with electro-magnetical release</p>\r\n<p>- Groove profiles according to lift system</p>\r\n<p>- Perfect rated motor, use of high-performance permanent magnet, degree of protection IP40, insulation class 155&deg;C (F), temperature control</p>\r\n<p>- EC type-examination certificate according to EN 81-20/50, can be used for UCM solution</p>\r\n<p>- Variable options regarding voltage, speed, torque, braking torque and traction sheave parameters</p>\r\n<p>- Both hand wind and hand wind-less types are available</p>\r\n<p>- The braker passed 2 million times braking. After the test, its performance is still in specification. Safety is guaranteed.</p>\r\n<p>&nbsp;</p>\r\n<p><strong>DIMENSION DRAWING</strong></p>\r\n<p><img src=\"../../../storage/uploads/fjtm03.jpg\" alt=\"\" width=\"1000\" height=\"650\" /></p>\r\n<p><strong>SPECIFICATION</strong></p>\r\n<p><img src=\"../../../storage/uploads/fjtm03.5.jpg\" alt=\"\" width=\"622\" height=\"253\" /></p>\r\n<p><img src=\"../../../storage/uploads/FJTM03.4.jpg\" alt=\"\" width=\"1000\" height=\"329\" /></p>', '<p><strong>特徴</strong></p>\r\n<p>- アウターローター専用設計。 低騒音・低振動でより大きなトルクを発生することが可能です。 快適な乗り心地を実現します。</p>\r\n<p>- トラクションシーブでの許容軸荷重 Fs が 35kN までの堅牢な構造</p>\r\n<p>- 電磁リリース付き安全ブレーキシステム</p>\r\n<p>- リフトシステムに応じた溝プロファイル</p>\r\n<p>- 完全定格モーター、高性能永久磁石の使用、保護等級 IP40、絶縁クラス 155&deg;C (F)、温度制御</p>\r\n<p>- EN 81-20/50 に準拠した EC 型式検査証明書、UCM ソリューションに使用可能</p>\r\n<p>- 電圧、速度、トルク、制動トルク、トラクションシーブパラメータに関する可変オプション</p>\r\n<p>- 手巻きタイプと手巻きなしタイプを用意</p>\r\n<p>- ブレーキング回数は200万回を超えました。 テスト後も、その性能は仕様どおりです。 安全性は保証されています。</p>\r\n<p>&nbsp;</p>\r\n<p><strong>寸法図</strong></p>\r\n<p><img src=\"../../../storage/uploads/fjtm03.jpg\" alt=\"\" width=\"1000\" height=\"650\" /></p>\r\n<p><strong>仕様</strong></p>\r\n<p><strong><img src=\"../../../storage/uploads/FJTM03.6.PNG\" alt=\"\" width=\"509\" height=\"254\" /></strong></p>\r\n<p><img src=\"../../../storage/uploads/fjtm03.8.PNG\" alt=\"\" width=\"1000\" height=\"426\" /></p>\r\n<p>&nbsp;</p>', 1, '2023-11-06 19:56:58', '2023-11-16 18:39:41'),
(14, 5, 'Gearless Traction Machine FJTM05', 'エレベータギヤレス巻上機 FJTM05', 'gearless-traction-machine-fjtm05', 'storage/images/product/14/1699937483418218.jpg', 'Rated load: 1250-2000kg\r\nRated speed: 1.0-2.5m/s\r\nSuspension: 2:1', '定格荷重: 1250-2000kg\r\n定格速度: 1.0-2.5m/s\r\nサスペンション: 2:1', '<p><strong>FEATURE</strong></p>\r\n<p>- Designed by outer rotor. Possible to generate bigger torque with low noise and vibration. Provides a comfortable ride.</p>\r\n<p>- Solid construction for permissible shaft load Fs at the traction sheave up to 35kN</p>\r\n<p>- Safety brake system with electro-magnetical release</p>\r\n<p>- Groove profiles according to lift system</p>\r\n<p>- Perfect rated motor, use of high-performance permanent magnet, degree of protection IP40, insulation class 155&deg;C (F), temperature control</p>\r\n<p>- EC type-examination certificate according to EN 81-20/50, can be used for UCM solution</p>\r\n<p>- Variable options regarding voltage, speed, torque, braking torque and traction sheave parameters</p>\r\n<p>- Both hand wind and hand wind-less types are available</p>\r\n<p>- The braker passed 2 million times braking. After the test, its performance is still in specification. Safety is guaranteed.</p>\r\n<p>&nbsp;</p>\r\n<p><strong>DIMENSION DRAWING</strong></p>\r\n<p><img src=\"../../../storage/uploads/FJTM05.1.jpg\" alt=\"\" width=\"1000\" height=\"670\" /></p>\r\n<p>&nbsp;</p>\r\n<p><strong>SPECIFICATION</strong></p>\r\n<p><img src=\"../../../storage/uploads/FJTM05.3.jpg\" alt=\"\" width=\"679\" height=\"278\" /></p>\r\n<p><img src=\"../../../storage/uploads/FJTM05.2.jpg\" alt=\"\" width=\"1000\" height=\"736\" /></p>', '<p><strong>特徴</strong></p>\r\n<p>- アウターローター専用設計。 低騒音・低振動でより大きなトルクを発生することが可能です。 快適な乗り心地を実現します。</p>\r\n<p>- トラクションシーブでの許容軸荷重 Fs が 35kN までの堅牢な構造</p>\r\n<p>- 電磁リリース付き安全ブレーキシステム</p>\r\n<p>- リフトシステムに応じた溝プロファイル</p>\r\n<p>- 完全定格モーター、高性能永久磁石の使用、保護等級 IP40、絶縁クラス 155&deg;C (F)、温度制御</p>\r\n<p>- EN 81-20/50 に準拠した EC 型式検査証明書、UCM ソリューションに使用可能</p>\r\n<p>- 電圧、速度、トルク、制動トルク、トラクションシーブパラメータに関する可変オプション</p>\r\n<p>- 手巻きタイプと手巻きなしタイプを用意</p>\r\n<p>- ブレーキング回数は200万回を超えました。 テスト後も、その性能は仕様どおりです。 安全性は保証されています。</p>\r\n<p>&nbsp;</p>\r\n<p><strong>寸法図</strong></p>\r\n<p><img src=\"../../../storage/uploads/FJTM05.1.jpg\" alt=\"\" width=\"1000\" height=\"670\" /></p>\r\n<p><strong>仕様</strong></p>\r\n<p><img src=\"../../../storage/uploads/FJTM05.4.PNG\" alt=\"\" width=\"511\" height=\"268\" /></p>\r\n<p><img src=\"../../../storage/uploads/FJTM05.5.PNG\" alt=\"\" width=\"1000\" height=\"761\" /></p>\r\n<p>&nbsp;</p>\r\n<p>&nbsp;</p>', 1, '2023-11-06 22:12:36', '2023-11-16 18:40:59'),
(15, 5, 'Controller Cabinet FJP8000', 'エレベーター制御盤 FJP8000', 'controller-cabinet-fjp8000', 'storage/images/product/15/1699937192977906.jpg', NULL, NULL, '<p dir=\"ltr\" style=\"line-height: 1.38; margin-top: 0pt; margin-bottom: 0pt;\"><span style=\"color: #020200; font-family: Arial, sans-serif;\"><span style=\"font-size: 17.3333px; white-space-collapse: preserve;\"><strong>Product Introduction </strong></span></span></p>\r\n<p dir=\"ltr\" style=\"line-height: 1.38; margin-top: 0pt; margin-bottom: 0pt;\"><span style=\"color: #020200; font-family: Arial, sans-serif;\"><span style=\"font-size: 17.3333px; white-space-collapse: preserve;\">- Adopting FJP8000 integrated controller </span></span></p>\r\n<p dir=\"ltr\" style=\"line-height: 1.38; margin-top: 0pt; margin-bottom: 0pt;\"><span style=\"color: #020200; font-family: Arial, sans-serif;\"><span style=\"font-size: 17.3333px; white-space-collapse: preserve;\">- Super anti-interference serial communication method, without the need for shielded wires for hall calls and automotive communication lines </span></span></p>\r\n<p dir=\"ltr\" style=\"line-height: 1.38; margin-top: 0pt; margin-bottom: 0pt;\"><span style=\"color: #020200; font-family: Arial, sans-serif;\"><span style=\"font-size: 17.3333px; white-space-collapse: preserve;\">- The terminal board is highly integrated and fully prefabricated cables to prevent incorrect plug insertion. </span></span></p>\r\n<p dir=\"ltr\" style=\"line-height: 1.38; margin-top: 0pt; margin-bottom: 0pt;\"><span style=\"color: #020200; font-family: Arial, sans-serif;\"><span style=\"font-size: 17.3333px; white-space-collapse: preserve;\">- Equipped with safety and door circuit node indicator light, as well as independent short circuit socket for easy debugging and maintenance. Equipped with UCMP to prevent accidental movement of the lift car and door lock bypass device </span></span></p>\r\n<p dir=\"ltr\" style=\"line-height: 1.38; margin-top: 0pt; margin-bottom: 0pt;\"><span style=\"color: #020200; font-family: Arial, sans-serif;\"><span style=\"font-size: 17.3333px; white-space-collapse: preserve;\">- The cabinet body is an environmentally friendly zinc free galvanized sheet, which is aesthetically pleasing and has small volume. Floor mounted and wall mounted<strong> </strong></span></span></p>\r\n<p><span style=\"font-size: 11pt; font-family: Arial,sans-serif; color: #121400; background-color: transparent; font-weight: 400; font-style: normal; font-variant: normal; text-decoration: none; vertical-align: baseline; white-space: pre-wrap;\"><img src=\"../../../storage/uploads/FJP8000.1.PNG\" alt=\"\" width=\"649\" height=\"627\" /></span></p>\r\n<p dir=\"ltr\" style=\"line-height: 1.38; margin-top: 0pt; margin-bottom: 5pt;\"><span style=\"color: #121400; font-family: Arial, sans-serif;\"><span style=\"font-size: 17.3333px; white-space-collapse: preserve;\"><strong>Technical parameter </strong></span></span></p>\r\n<p dir=\"ltr\" style=\"line-height: 1.38; margin-top: 0pt; margin-bottom: 5pt;\"><span style=\"color: #121400; font-family: Arial, sans-serif;\"><span style=\"font-size: 17.3333px; white-space-collapse: preserve;\">- Suitable for business elevator, residential elevator, freight elevator, etc </span></span></p>\r\n<p dir=\"ltr\" style=\"line-height: 1.38; margin-top: 0pt; margin-bottom: 5pt;\"><span style=\"color: #121400; font-family: Arial, sans-serif;\"><span style=\"font-size: 17.3333px; white-space-collapse: preserve;\">- Maximum speed: 3.5 m/s </span></span></p>\r\n<p dir=\"ltr\" style=\"line-height: 1.38; margin-top: 0pt; margin-bottom: 5pt;\"><span style=\"color: #121400; font-family: Arial, sans-serif;\"><span style=\"font-size: 17.3333px; white-space-collapse: preserve;\">- Input voltage: AC 220V/380V/510V </span></span></p>\r\n<p dir=\"ltr\" style=\"line-height: 1.38; margin-top: 0pt; margin-bottom: 5pt;\"><span style=\"color: #121400; font-family: Arial, sans-serif;\"><span style=\"font-size: 17.3333px; white-space-collapse: preserve;\">- Power range: 5.5KW-30KW </span></span></p>\r\n<p dir=\"ltr\" style=\"line-height: 1.38; margin-top: 0pt; margin-bottom: 5pt;\"><span style=\"color: #121400; font-family: Arial, sans-serif;\"><span style=\"font-size: 17.3333px; white-space-collapse: preserve;\">- Adapted motor: PM/IM </span></span></p>\r\n<p dir=\"ltr\" style=\"line-height: 1.38; margin-top: 0pt; margin-bottom: 5pt;\"><span style=\"color: #121400; font-family: Arial, sans-serif;\"><span style=\"font-size: 17.3333px; white-space-collapse: preserve;\">- Adaptive holding brake: current &lt; 5A, DC48V-220V continuously adjustable (1V unit) </span></span></p>\r\n<p dir=\"ltr\" style=\"line-height: 1.38; margin-top: 0pt; margin-bottom: 5pt;\"><span style=\"color: #121400; font-family: Arial, sans-serif;\"><span style=\"font-size: 17.3333px; white-space-collapse: preserve;\">- Adapted door operator: AC220V door Operator system </span></span></p>\r\n<p dir=\"ltr\" style=\"line-height: 1.38; margin-top: 0pt; margin-bottom: 5pt;\"><span style=\"color: #121400; font-family: Arial, sans-serif;\"><span style=\"font-size: 17.3333px; white-space-collapse: preserve;\">- Maximum floors: 64 </span></span></p>\r\n<p dir=\"ltr\" style=\"line-height: 1.38; margin-top: 0pt; margin-bottom: 5pt;\"><span style=\"color: #121400; font-family: Arial, sans-serif;\"><span style=\"font-size: 17.3333px; white-space-collapse: preserve;\">- Control mode: single elevator/group control </span></span></p>\r\n<p dir=\"ltr\" style=\"line-height: 1.38; margin-top: 0pt; margin-bottom: 5pt;\"><span style=\"color: #121400; font-family: Arial, sans-serif;\"><span style=\"font-size: 17.3333px; white-space-collapse: preserve;\">- Deceleration method: Distance control directly stops </span></span></p>\r\n<p dir=\"ltr\" style=\"line-height: 1.38; margin-top: 0pt; margin-bottom: 5pt;\"><span style=\"color: #121400; font-family: Arial, sans-serif;\"><span style=\"font-size: 17.3333px; white-space-collapse: preserve;\">- Size (mm): 1150*350*250 (height, width, thickness) </span></span></p>\r\n<p dir=\"ltr\" style=\"line-height: 1.38; margin-top: 0pt; margin-bottom: 5pt;\"><span style=\"color: #121400; font-family: Arial, sans-serif;\"><span style=\"font-size: 17.3333px; white-space-collapse: preserve;\">- Control cabinet weight (kg): 35.5 </span></span></p>\r\n<p><span style=\"font-size: 11pt; font-family: Arial,sans-serif; color: #121400; background-color: transparent; font-weight: 400; font-style: normal; font-variant: normal; text-decoration: none; vertical-align: baseline; white-space: pre-wrap;\"><img src=\"../../../storage/uploads/FJP8000.2.PNG\" alt=\"\" width=\"1000\" height=\"402\" /></span></p>', '<p class=\"MsoNormal\" style=\"margin-bottom: 5.0pt; mso-pagination: none;\"><span style=\"color: #121400; font-family: Yu Mincho, serif;\"><strong>製品紹介</strong></span></p>\r\n<p class=\"MsoNormal\" style=\"margin-bottom: 5.0pt; mso-pagination: none;\"><span style=\"color: #121400; font-family: Yu Mincho, serif;\">- 統合コントローラー FJP8000 を適用中</span></p>\r\n<p class=\"MsoNormal\" style=\"margin-bottom: 5.0pt; mso-pagination: none;\"><span style=\"color: #121400; font-family: Yu Mincho, serif;\">- 高耐ノイズ通信方式、ケーブル不要、室内や通信ネットワークへの呼び出しのための外部カバー不要である。</span></p>\r\n<p class=\"MsoNormal\" style=\"margin-bottom: 5.0pt; mso-pagination: none;\"><span style=\"color: #121400; font-family: Yu Mincho, serif;\">- 高集積度の制御パネル、誤差込みを防ぐために完全組み立て、安全な断線表示ランプおよびドア用の差込口と独立したショート回路スロットを備えている。キャビンの不意の移動を防ぐためのUCMP装置とドアバイパス装置も搭載されている。</span></p>\r\n<p class=\"MsoNormal\" style=\"margin-bottom: 5.0pt; mso-pagination: none;\"><span style=\"color: #121400; font-family: Yu Mincho, serif;\">-キャビネットは環境に優しい亜鉛メッキ鋼板で、美しい外観と軽量性を兼ね備えている。床および壁に取り付けられる。</span></p>\r\n<p class=\"MsoNormal\" style=\"margin-bottom: 5.0pt; mso-pagination: none;\"><img src=\"../../../storage/uploads/FJP8000.1.PNG\" alt=\"\" width=\"649\" height=\"627\" /></p>\r\n<p class=\"MsoNormal\" style=\"margin-bottom: 5.0pt; mso-pagination: none;\"><strong><span lang=\"JA\" style=\"font-family: \'Yu Mincho\',serif; mso-ascii-font-family: \'Times New Roman\'; mso-hansi-font-family: \'Times New Roman\'; color: #121400;\">技術仕様</span></strong></p>\r\n<p class=\"MsoNormal\" style=\"margin-bottom: 5.0pt; mso-pagination: none;\"><span lang=\"vi\" style=\"font-family: \'Times New Roman\',serif; mso-fareast-font-family: \'Yu Mincho\'; mso-bidi-font-family: Arial; color: #121400;\">- </span><span lang=\"JA\" style=\"font-family: \'Yu Mincho\',serif; mso-ascii-font-family: \'Times New Roman\'; mso-hansi-font-family: \'Times New Roman\'; color: #121400;\">商用エレベーター、住宅エレベーター、貨物エレベーターなどに適している。</span></p>\r\n<p class=\"MsoNormal\" style=\"margin-bottom: 5.0pt; mso-pagination: none;\"><span lang=\"vi\" style=\"font-family: \'Times New Roman\',serif; mso-fareast-font-family: \'Yu Mincho\'; mso-bidi-font-family: Arial; color: #121400;\">- </span><span lang=\"JA\" style=\"font-family: \'Yu Mincho\',serif; mso-ascii-font-family: \'Times New Roman\'; mso-hansi-font-family: \'Times New Roman\'; color: #121400;\">最大速度</span><span lang=\"vi\" style=\"font-family: \'Times New Roman\',serif; mso-fareast-font-family: \'Yu Mincho\'; mso-bidi-font-family: Arial; color: #121400;\">: 3.5 m/s</span></p>\r\n<p class=\"MsoNormal\" style=\"margin-bottom: 5.0pt; mso-pagination: none;\"><span lang=\"vi\" style=\"font-family: \'Times New Roman\',serif; mso-fareast-font-family: \'Yu Mincho\'; mso-bidi-font-family: Arial; color: #121400;\">- </span><span lang=\"JA\" style=\"font-family: \'Yu Mincho\',serif; mso-ascii-font-family: \'Times New Roman\'; mso-hansi-font-family: \'Times New Roman\'; color: #121400;\">入力電圧</span><span lang=\"vi\" style=\"font-family: \'Times New Roman\',serif; mso-fareast-font-family: \'Yu Mincho\'; mso-bidi-font-family: Arial; color: #121400;\">: AC 220V/380V/510V</span></p>\r\n<p class=\"MsoNormal\" style=\"margin-bottom: 5.0pt; mso-pagination: none;\"><span lang=\"vi\" style=\"font-family: \'Times New Roman\',serif; mso-fareast-font-family: \'Yu Mincho\'; mso-bidi-font-family: Arial; color: #121400;\">- </span><span lang=\"JA\" style=\"font-family: \'Yu Mincho\',serif; mso-ascii-font-family: \'Times New Roman\'; mso-hansi-font-family: \'Times New Roman\'; color: #121400;\">出力範囲</span><span lang=\"vi\" style=\"font-family: \'Times New Roman\',serif; mso-fareast-font-family: \'Yu Mincho\'; mso-bidi-font-family: Arial; color: #121400;\">: 5.5KW-30KW</span></p>\r\n<p class=\"MsoNormal\" style=\"margin-bottom: 5.0pt; mso-pagination: none;\"><span lang=\"vi\" style=\"font-family: \'Times New Roman\',serif; mso-fareast-font-family: \'Yu Mincho\'; mso-bidi-font-family: Arial; color: #121400;\">- </span><span lang=\"JA\" style=\"font-family: \'Yu Mincho\',serif; mso-ascii-font-family: \'Times New Roman\'; mso-hansi-font-family: \'Times New Roman\'; color: #121400;\">モータータイプ</span><span lang=\"vi\" style=\"font-family: \'Times New Roman\',serif; mso-fareast-font-family: \'Yu Mincho\'; mso-bidi-font-family: Arial; color: #121400;\">: PM/IM</span></p>\r\n<p class=\"MsoNormal\" style=\"margin-bottom: 5.0pt; mso-pagination: none;\"><span lang=\"vi\" style=\"font-family: \'Times New Roman\',serif; mso-fareast-font-family: \'Yu Mincho\'; mso-bidi-font-family: Arial; color: #121400;\">- </span><span lang=\"JA\" style=\"font-family: \'Yu Mincho\',serif; mso-ascii-font-family: \'Times New Roman\'; mso-hansi-font-family: \'Times New Roman\'; color: #121400;\">適応ブレーキ</span><span lang=\"vi\" style=\"font-family: \'Times New Roman\',serif; mso-fareast-font-family: \'Yu Mincho\'; mso-bidi-font-family: Arial; color: #121400;\">: </span><span lang=\"JA\" style=\"font-family: \'Yu Mincho\',serif; mso-ascii-font-family: \'Times New Roman\'; mso-hansi-font-family: \'Times New Roman\'; color: #121400;\">電流</span><span lang=\"vi\" style=\"font-family: \'Times New Roman\',serif; mso-fareast-font-family: \'Yu Mincho\'; mso-bidi-font-family: Arial; color: #121400;\"> &lt; 5A</span><span lang=\"JA\" style=\"font-family: \'Yu Mincho\',serif; mso-ascii-font-family: \'Times New Roman\'; mso-hansi-font-family: \'Times New Roman\'; color: #121400;\">、</span><span lang=\"vi\" style=\"font-family: \'Times New Roman\',serif; mso-fareast-font-family: \'Yu Mincho\'; mso-bidi-font-family: Arial; color: #121400;\">DC48V-220V</span><span lang=\"JA\" style=\"font-family: \'Yu Mincho\',serif; mso-ascii-font-family: \'Times New Roman\'; mso-hansi-font-family: \'Times New Roman\'; color: #121400;\">可変電圧（</span><span lang=\"vi\" style=\"font-family: \'Times New Roman\',serif; mso-fareast-font-family: \'Yu Mincho\'; mso-bidi-font-family: Arial; color: #121400;\">1V</span><span lang=\"JA\" style=\"font-family: \'Yu Mincho\',serif; mso-ascii-font-family: \'Times New Roman\'; mso-hansi-font-family: \'Times New Roman\'; color: #121400;\">単位）</span></p>\r\n<p class=\"MsoNormal\" style=\"margin-bottom: 5.0pt; mso-pagination: none;\"><span lang=\"vi\" style=\"font-family: \'Times New Roman\',serif; mso-fareast-font-family: \'Yu Mincho\'; mso-bidi-font-family: Arial; color: #121400;\">- </span><span lang=\"JA\" style=\"font-family: \'Yu Mincho\',serif; mso-ascii-font-family: \'Times New Roman\'; mso-hansi-font-family: \'Times New Roman\'; color: #121400;\">ドアコントローラー</span><span lang=\"vi\" style=\"font-family: \'Times New Roman\',serif; mso-fareast-font-family: \'Yu Mincho\'; mso-bidi-font-family: Arial; color: #121400;\">: AC220V</span><span lang=\"JA\" style=\"font-family: \'Yu Mincho\',serif; mso-ascii-font-family: \'Times New Roman\'; mso-hansi-font-family: \'Times New Roman\'; color: #121400;\">ドア制御システム</span></p>\r\n<p class=\"MsoNormal\" style=\"margin-bottom: 5.0pt; mso-pagination: none;\"><span lang=\"vi\" style=\"font-family: \'Times New Roman\',serif; mso-fareast-font-family: \'Yu Mincho\'; mso-bidi-font-family: Arial; color: #121400;\">- </span><span lang=\"JA\" style=\"font-family: \'Yu Mincho\',serif; mso-ascii-font-family: \'Times New Roman\'; mso-hansi-font-family: \'Times New Roman\'; color: #121400;\">最大階数</span><span lang=\"vi\" style=\"font-family: \'Times New Roman\',serif; mso-fareast-font-family: \'Yu Mincho\'; mso-bidi-font-family: Arial; color: #121400;\">: 64</span></p>\r\n<p class=\"MsoNormal\" style=\"margin-bottom: 5.0pt; mso-pagination: none;\"><span lang=\"vi\" style=\"font-family: \'Times New Roman\',serif; mso-fareast-font-family: \'Yu Mincho\'; mso-bidi-font-family: Arial; color: #121400;\">- </span><span lang=\"JA\" style=\"font-family: \'Yu Mincho\',serif; mso-ascii-font-family: \'Times New Roman\'; mso-hansi-font-family: \'Times New Roman\'; color: #121400;\">制御モード</span><span lang=\"vi\" style=\"font-family: \'Times New Roman\',serif; mso-fareast-font-family: \'Yu Mincho\'; mso-bidi-font-family: Arial; color: #121400;\">: </span><span lang=\"JA\" style=\"font-family: \'Yu Mincho\',serif; mso-ascii-font-family: \'Times New Roman\'; mso-hansi-font-family: \'Times New Roman\'; color: #121400;\">個別制御</span><span lang=\"vi\" style=\"font-family: \'Times New Roman\',serif; mso-fareast-font-family: \'Yu Mincho\'; mso-bidi-font-family: Arial; color: #121400;\">/</span><span lang=\"JA\" style=\"font-family: \'Yu Mincho\',serif; mso-ascii-font-family: \'Times New Roman\'; mso-hansi-font-family: \'Times New Roman\'; color: #121400;\">グループ制御</span></p>\r\n<p class=\"MsoNormal\" style=\"margin-bottom: 5.0pt; mso-pagination: none;\"><span lang=\"vi\" style=\"font-family: \'Times New Roman\',serif; mso-fareast-font-family: \'Yu Mincho\'; mso-bidi-font-family: Arial; color: #121400;\">- </span><span lang=\"JA\" style=\"font-family: \'Yu Mincho\',serif; mso-ascii-font-family: \'Times New Roman\'; mso-hansi-font-family: \'Times New Roman\'; color: #121400;\">減速方法</span><span lang=\"vi\" style=\"font-family: \'Times New Roman\',serif; mso-fareast-font-family: \'Yu Mincho\'; mso-bidi-font-family: Arial; color: #121400;\">: </span><span lang=\"JA\" style=\"font-family: \'Yu Mincho\',serif; mso-ascii-font-family: \'Times New Roman\'; mso-hansi-font-family: \'Times New Roman\'; color: #121400;\">直接停止制御</span></p>\r\n<p class=\"MsoNormal\" style=\"margin-bottom: 5.0pt; mso-pagination: none;\"><span lang=\"vi\" style=\"font-family: \'Times New Roman\',serif; mso-fareast-font-family: \'Yu Mincho\'; mso-bidi-font-family: Arial; color: #121400;\">- </span><span lang=\"JA\" style=\"font-family: \'Yu Mincho\',serif; mso-ascii-font-family: \'Times New Roman\'; mso-hansi-font-family: \'Times New Roman\'; color: #121400;\">寸法</span><span lang=\"vi\" style=\"font-family: \'Times New Roman\',serif; mso-fareast-font-family: \'Yu Mincho\'; mso-bidi-font-family: Arial; color: #121400;\"> (mm): 1150*350*250</span><span lang=\"JA\" style=\"font-family: \'Yu Mincho\',serif; mso-ascii-font-family: \'Times New Roman\'; mso-hansi-font-family: \'Times New Roman\'; color: #121400;\">（高さ、幅、厚さ）</span></p>\r\n<p class=\"MsoNormal\" style=\"margin-bottom: 5.0pt; mso-pagination: none;\"><span lang=\"vi\" style=\"font-family: \'Times New Roman\',serif; mso-fareast-font-family: \'Yu Mincho\'; mso-bidi-font-family: Arial; color: #121400;\">- </span><span lang=\"JA\" style=\"font-family: \'Yu Mincho\',serif; mso-ascii-font-family: \'Times New Roman\'; mso-hansi-font-family: \'Times New Roman\'; color: #121400;\">制御ユニット重量</span><span lang=\"vi\" style=\"font-family: \'Times New Roman\',serif; mso-fareast-font-family: \'Yu Mincho\'; mso-bidi-font-family: Arial; color: #121400;\"> (kg): 35.5</span></p>\r\n<p><img src=\"../../../storage/uploads/FJP8000.3.PNG\" alt=\"\" width=\"1000\" height=\"472\" /></p>', 1, '2023-11-06 22:28:31', '2023-11-16 18:43:53'),
(16, 5, 'Controller Cabinet FJP-C01', 'エレベーター制御盤 FJP-C01', 'controller-cabinet-fjp-c01', 'storage/images/product/16/1699937333648560.jpg', NULL, NULL, '<p><span id=\"docs-internal-guid-84184c8b-7fff-15e5-f605-775504e4ccf9\"></span></p>\r\n<p dir=\"ltr\" style=\"line-height: 1.38; margin-top: 0pt; margin-bottom: 0pt;\"><span style=\"font-size: 11pt; font-family: Arial,sans-serif; color: #000000; background-color: transparent; font-weight: 400; font-style: normal; font-variant: normal; text-decoration: none; vertical-align: baseline; white-space: pre-wrap;\">The control system adopts a special VVVF system and a modular full computer design structure to ensure efficient, comfortable and safe elevator operation. All control boards, frequency converters and displays are developed independently. Dual 32-bit microcomputer integrated control is adopted, the debugging is simple and can be remotely debugged. Automatically learn encoder angle after power failure or fault recovery, OMU handheld equipment upgrade, APP debugging.</span></p>\r\n<p dir=\"ltr\" style=\"line-height: 1.38; margin-top: 0pt; margin-bottom: 0pt;\"><img src=\"../../../storage/uploads/FJP-C01.jpg\" alt=\"\" width=\"1000\" height=\"747\" /></p>\r\n<p dir=\"ltr\" style=\"line-height: 1.38; margin-top: 0pt; margin-bottom: 0pt;\"><strong>Specification sheet</strong></p>\r\n<p dir=\"ltr\" style=\"line-height: 1.38; margin-top: 0pt; margin-bottom: 0pt;\"><strong><span style=\"background-color: transparent; font-variant-numeric: normal; font-variant-east-asian: normal; font-variant-alternates: normal; font-variant-position: normal; vertical-align: baseline;\"><span style=\"font-family: Arial, sans-serif;\"><img src=\"../../../storage/uploads/fjp-c01.2.jpg\" alt=\"\" width=\"1000\" height=\"221\" /></span></span></strong></p>\r\n<p dir=\"ltr\" style=\"line-height: 1.38; margin-top: 0pt; margin-bottom: 0pt;\">&nbsp;</p>\r\n<p dir=\"ltr\" style=\"line-height: 1.38; margin-top: 0pt; margin-bottom: 0pt;\">&nbsp;</p>', '<p class=\"MsoNormal\"><span lang=\"JA\" style=\"font-family: \'Yu Mincho\',serif; mso-ascii-font-family: \'Times New Roman\'; mso-hansi-font-family: \'Times New Roman\';\">制御システムは特別な</span><span lang=\"vi\" style=\"font-family: \'Times New Roman\',serif; mso-fareast-font-family: \'Yu Mincho\'; mso-bidi-font-family: Arial;\">VVVF</span><span lang=\"JA\" style=\"font-family: \'Yu Mincho\',serif; mso-ascii-font-family: \'Times New Roman\'; mso-hansi-font-family: \'Times New Roman\';\">システムを使用し、コンピューター構造はエレベーターが効率的で快適かつ安全に運行されるように完全なモジュールで設計されている。すべての制御パネル、インバーター、およびディスプレイは独立して製造されている。</span><span lang=\"vi\" style=\"font-family: \'Times New Roman\',serif; mso-fareast-font-family: \'Yu Mincho\'; mso-bidi-font-family: Arial;\">32</span><span lang=\"JA\" style=\"font-family: \'Yu Mincho\',serif; mso-ascii-font-family: \'Times New Roman\'; mso-hansi-font-family: \'Times New Roman\';\">ビットのデュアルコンピュータ制御が統合され、リモートで簡単にトラブルシューティングできるようになっている。システムには停電後にエンコーダ角度を自動的に再学習し、エラーを自動的に修正する機能が備わっており、手持ちの装置</span><span lang=\"vi\" style=\"font-family: \'Times New Roman\',serif; mso-fareast-font-family: \'Yu Mincho\'; mso-bidi-font-family: Arial;\">OMU</span><span lang=\"JA\" style=\"font-family: \'Yu Mincho\',serif; mso-ascii-font-family: \'Times New Roman\'; mso-hansi-font-family: \'Times New Roman\';\">のアップグレードと</span><span lang=\"vi\" style=\"font-family: \'Times New Roman\',serif; mso-fareast-font-family: \'Yu Mincho\'; mso-bidi-font-family: Arial;\">APP</span><span lang=\"JA\" style=\"font-family: \'Yu Mincho\',serif; mso-ascii-font-family: \'Times New Roman\'; mso-hansi-font-family: \'Times New Roman\';\">のトラブルシューティングも行える。</span></p>\r\n<p class=\"MsoNormal\"><img src=\"../../../storage/uploads/FJP-C01.jpg\" alt=\"\" width=\"1000\" height=\"747\" /></p>\r\n<p><strong>仕様書</strong></p>\r\n<p><strong><img src=\"../../../storage/uploads/FJP-C01.1.PNG\" alt=\"\" width=\"1000\" height=\"253\" /></strong></p>', 1, '2023-11-06 23:18:24', '2023-11-16 18:51:22'),
(17, 4, 'High Speed Elevator', '高速エレベーター', 'high-speed-elevator', 'storage/images/product/17/1700035593201507.jpg', 'A shock-absorbing device is set between the car body and holder to isolate vibration. It superiorly buffers vibration during the elevator running process. It reduces the car vibration and prompts the conformable travel to vast passengers. The combined car wall connection ensures mute effects in the car, the stable and enclosed air pressure.', 'ショックアブソーバー装置は、エレベーターキャビンとガイドレールの間に取り付けられ、振動を防ぐ。これにより、エレベーターの運転中に車両の振動が軽減され、大勢の乗客に適している。キャビン壁の結合は、内部で騒音を抑制し、空気圧力を一定に保つことを確実にする。', '<p>&nbsp; &nbsp; &nbsp; &nbsp; &nbsp; &nbsp; &nbsp; &nbsp; &nbsp; &nbsp; &nbsp; &nbsp; &nbsp; &nbsp; &nbsp; &nbsp; &nbsp; &nbsp;<img src=\"../../../storage/uploads/tốc độ cao ảnh 1.PNG\" alt=\"\" width=\"650\" height=\"346\" /></p>\r\n<p><strong>High Speed Elevator Construction Sketch</strong></p>\r\n<p><strong><img src=\"../../../storage/uploads/tốc độ cao drawing.PNG\" alt=\"\" width=\"1000\" height=\"1145\" /></strong></p>\r\n<p><strong>Specification</strong></p>\r\n<p><strong><img src=\"../../../storage/uploads/th&ocirc;ng số tốc độ cao.PNG\" alt=\"\" width=\"1000\" height=\"616\" /></strong></p>', '<p>&nbsp; &nbsp; &nbsp; &nbsp; &nbsp; &nbsp; &nbsp; &nbsp; &nbsp; &nbsp; &nbsp; &nbsp; &nbsp; &nbsp; &nbsp; <img src=\"../../../storage/uploads/tốc độ cao ảnh 2.PNG\" alt=\"\" width=\"650\" height=\"332\" /></p>\r\n<p><strong>高速エレベーター建設スケッチ</strong></p>\r\n<p><strong><img src=\"../../../storage/uploads/tốc độ cao drawing 2.PNG\" alt=\"\" width=\"1000\" height=\"1222\" /></strong></p>\r\n<p><strong>仕様</strong></p>\r\n<p><strong><img src=\"../../../storage/uploads/th&ocirc;ng số tốc độ cao 2.PNG\" alt=\"\" width=\"1000\" height=\"618\" /></strong></p>', 1, '2023-11-07 22:52:42', '2023-11-14 23:06:33'),
(18, 6, 'Cargo Elevator', 'カーゴエレベーター', 'cargo-elevator', 'storage/images/product/18/1700035537352593.jpg', 'A freight elevator is a means of transporting goods vertically. It is a very important part of factories, warehouses, warehouses in buildings, libraries... with the ability to withstand loads. high, able to withstand impact and transport heavy goods quickly, durable and effectively.', '貨物用エレベーターは、荷物を垂直に輸送する手段です。 工場、倉庫、ビル倉庫、図書館などにおいて、耐荷重性が求められる非常に重要な部品です。 高く、衝撃に耐え、重量物を素早く、耐久性があり、効果的に輸送できます。', '<p><strong>* Loading giants that can release more and more cargo pressure for you</strong></p>\r\n<p>FUJI freight lift serial fully utilizes the advanced and fully computerized control technology. It employs the well-developed WWVFcontrol system of FUJI elevator. It is sample in structure and convenient in repair and maintenance. It fulfills a qualitative leap in the aspects of the signal transmission and running control. It brings about the more stable and reliable system, the lower noise, the smoother running, the more accurate leveling. It is more and more easy for goods to enter and exit. In addition, FUJI freight lift series can offer the microprocessor. The high speed running capabilities and expansion interface ensure to satisfy the special requirements from broad users.</p>\r\n<p><strong>* Light curtain protection</strong></p>\r\n<p>Several protective light curtains are formed at the entrance of the elevator, which sensibly detects and responses to any objects that intrude into the detecting scope. The safety of humans and cargoes are guaranteed.</p>\r\n<p><strong>* Very humane operation</strong></p>\r\n<p>It is equipped with a fully automatic collective selective function. It can fulfill operation with driver/without driver. The operation box specially and additionally sets\" door-shut delay button in the operation box. Door-shut delay time can be flexibly adjusted at site according to the requirements. You feel more at ease when loading and unloading the goods out of its humane setting.</p>\r\n<p><strong>Cargo Elevator Construction Sketch</strong></p>\r\n<p><strong><img src=\"../../../storage/uploads/bản vẽ thang h&agrave;ng 1.PNG\" alt=\"\" width=\"1000\" height=\"1128\" /></strong></p>\r\n<p><strong>Specification</strong></p>\r\n<p><strong><img src=\"../../../storage/uploads/th&ocirc;ng số thang h&agrave;ng.PNG\" alt=\"\" width=\"1000\" height=\"408\" /></strong></p>', '<p>&nbsp;</p>\r\n<p class=\"MsoNormal\"><strong><span lang=\"vi\" style=\"font-size: 12.0pt; line-height: 115%; font-family: \'Times New Roman\',serif; mso-fareast-font-family: \'Yu Mincho\'; mso-bidi-font-family: Arial;\">*</span></strong><strong><span lang=\"JA\" style=\"font-size: 12.0pt; line-height: 115%; font-family: \'Yu Mincho\',serif; mso-ascii-font-family: \'Times New Roman\'; mso-hansi-font-family: \'Times New Roman\';\">より多くの貨物圧力を解放できる巨大な積み込み</span></strong><strong><span lang=\"JA\" style=\"font-size: 12.0pt; line-height: 115%; font-family: \'Yu Mincho\',serif; mso-ascii-font-family: \'Times New Roman\'; mso-hansi-font-family: \'Times New Roman\'; mso-ansi-language: VI;\">機械</span></strong></p>\r\n<p class=\"MsoNormal\"><span lang=\"vi\" style=\"font-size: 12.0pt; line-height: 115%; font-family: \'Times New Roman\',serif; mso-fareast-font-family: \'Yu Mincho\'; mso-bidi-font-family: Arial;\">FUJI</span><span lang=\"JA\" style=\"font-size: 12.0pt; line-height: 115%; font-family: \'Yu Mincho\',serif; mso-ascii-font-family: \'Times New Roman\'; mso-hansi-font-family: \'Times New Roman\';\">カーゴリフトシリーズは、高度かつ完全にコンピュータ制御技術を最大限に活用している。</span><span lang=\"vi\" style=\"font-size: 12.0pt; line-height: 115%; font-family: \'Times New Roman\',serif; mso-fareast-font-family: \'Yu Mincho\'; mso-bidi-font-family: Arial;\">FUJI</span><span lang=\"JA\" style=\"font-size: 12.0pt; line-height: 115%; font-family: \'Yu Mincho\',serif; mso-ascii-font-family: \'Times New Roman\'; mso-hansi-font-family: \'Times New Roman\';\">エレベーターの成熟した</span><span lang=\"vi\" style=\"font-size: 12.0pt; line-height: 115%; font-family: \'Times New Roman\',serif; mso-fareast-font-family: \'Yu Mincho\'; mso-bidi-font-family: Arial;\">WWVF</span><span lang=\"JA\" style=\"font-size: 12.0pt; line-height: 115%; font-family: \'Yu Mincho\',serif; mso-ascii-font-family: \'Times New Roman\'; mso-hansi-font-family: \'Times New Roman\';\">制御システムを採用しており、その構造はシンプルで修理と保守が便利である。この機械は信号伝送と運転制御の面で質的な飛躍を実現しており、より安定した信頼性のあるシステム、より低い騒音、よりスムーズな運転、より正確なレベリングをもたらす。貨物の出入りがるる容易になっている。さらに、</span><span lang=\"vi\" style=\"font-size: 12.0pt; line-height: 115%; font-family: \'Times New Roman\',serif; mso-fareast-font-family: \'Yu Mincho\'; mso-bidi-font-family: Arial;\">FUJI</span><span lang=\"JA\" style=\"font-size: 12.0pt; line-height: 115%; font-family: \'Yu Mincho\',serif; mso-ascii-font-family: \'Times New Roman\'; mso-hansi-font-family: \'Times New Roman\';\">カーゴリフトシリーズはマイクロプロセッサを提供できまる。高速運転能力と拡張インターフェースは、幅広いユーザーの特別な要求を満たすことを保証する。</span></p>\r\n<p class=\"MsoNormal\"><strong><span lang=\"vi\" style=\"font-size: 12.0pt; line-height: 115%; font-family: \'Times New Roman\',serif; mso-fareast-font-family: \'Yu Mincho\'; mso-bidi-font-family: Arial;\">*</span></strong><strong><span lang=\"vi\" style=\"font-size: 12.0pt; line-height: 115%; font-family: \'Times New Roman\',serif; mso-fareast-font-family: \'Yu Mincho\'; mso-bidi-font-family: Arial; mso-ansi-language: EN-US;\"> </span></strong><strong><span lang=\"JA\" style=\"font-size: 12.0pt; line-height: 115%; font-family: \'Yu Mincho\',serif; mso-ascii-font-family: \'Times New Roman\'; mso-hansi-font-family: \'Times New Roman\';\">光カーテン保護</span></strong></p>\r\n<p class=\"MsoNormal\"><span lang=\"JA\" style=\"font-size: 12.0pt; line-height: 115%; font-family: \'Yu Mincho\',serif; mso-ascii-font-family: \'Times New Roman\'; mso-hansi-font-family: \'Times New Roman\';\">エレベーターの入口には、侵入する物体を感知し応答するいくつかの保護用光カーテンが形成されている。人間と貨物の安全性が保証されている。</span></p>\r\n<p class=\"MsoNormal\"><strong><span lang=\"vi\" style=\"font-size: 12.0pt; line-height: 115%; font-family: \'Times New Roman\',serif; mso-fareast-font-family: \'Yu Mincho\'; mso-bidi-font-family: Arial;\">*</span></strong><strong><span lang=\"vi\" style=\"font-size: 12.0pt; line-height: 115%; font-family: \'Times New Roman\',serif; mso-fareast-font-family: \'Yu Mincho\'; mso-bidi-font-family: Arial; mso-ansi-language: EN-US;\"> </span></strong><strong><span lang=\"JA\" style=\"font-size: 12.0pt; line-height: 115%; font-family: \'Yu Mincho\',serif; mso-ascii-font-family: \'Times New Roman\'; mso-hansi-font-family: \'Times New Roman\';\">非常に人間性のある操作</span></strong></p>\r\n<p class=\"MsoNormal\"><span lang=\"JA\" style=\"font-size: 12.0pt; line-height: 115%; font-family: \'Yu Mincho\',serif; mso-ascii-font-family: \'Times New Roman\'; mso-hansi-font-family: \'Times New Roman\';\">完全自動のコレクティブセレクティブ機能を備えており、運転手あり</span><span lang=\"vi\" style=\"font-size: 12.0pt; line-height: 115%; font-family: \'Times New Roman\',serif; mso-fareast-font-family: \'Yu Mincho\'; mso-bidi-font-family: Arial;\">/</span><span lang=\"JA\" style=\"font-size: 12.0pt; line-height: 115%; font-family: \'Yu Mincho\',serif; mso-ascii-font-family: \'Times New Roman\'; mso-hansi-font-family: \'Times New Roman\';\">なしでの操作が可能である。操作ボックスには特別に「ドア閉め遅れボタン」が設置されている。ドア閉め遅れの時間は現場の要件に応じて柔軟に調整できる。その人間性の設定により、貨物の積み降ろし時に安全感がある。</span></p>\r\n<p><strong>貨物用エレベーターの建設スケッチ</strong></p>\r\n<p><strong><img src=\"../../../storage/uploads/bản vẽ thang h&agrave;ng 2.PNG\" alt=\"\" width=\"1000\" height=\"1086\" /></strong></p>\r\n<p><strong>仕様</strong></p>\r\n<p><img src=\"../../../storage/uploads/th&ocirc;ng số thang h&agrave;ng 2.PNG\" alt=\"\" width=\"1000\" height=\"495\" /></p>\r\n<p>&nbsp;</p>', 1, '2023-11-07 23:00:13', '2023-11-14 23:05:37');
INSERT INTO `products` (`id`, `product_category_id`, `title_en`, `title_jp`, `slug`, `image`, `description_en`, `description_jp`, `content_en`, `content_jp`, `is_active`, `created_at`, `updated_at`) VALUES
(19, 7, 'Home Elevator', '家庭用エレベーター', 'home-elevator', 'storage/images/product/19/1700035437138280.jpg', 'Home elevators are suitable for homes with small areas. They have much less frequency of use than passenger elevators but require high reliability, precision, absolute safety and energy saving.', 'ホームエレベーターは面積が狭い家に適しています。 旅客用エレベーターに比べて使用頻度ははるかに低いですが、高い信頼性、精度、絶対的な安全性、省エネ性が求められます。', '<p dir=\"ltr\" style=\"line-height: 1.38; margin-top: 0pt; margin-bottom: 0pt;\"><span style=\"font-size: 10.5pt; font-family: Arial,sans-serif; color: #333333; background-color: #ffffff; font-weight: bold; font-style: normal; font-variant: normal; text-decoration: none; vertical-align: baseline; white-space: pre-wrap;\">Your perfect life is comfortable and relax</span></p>\r\n<p dir=\"ltr\" style=\"line-height: 1.38; margin-top: 0pt; margin-bottom: 0pt;\"><span style=\"font-size: 10.5pt; font-family: Arial,sans-serif; color: #333333; background-color: #ffffff; font-weight: 400; font-style: normal; font-variant: normal; text-decoration: none; vertical-align: baseline; white-space: pre-wrap;\">The humanization design decorates your noble life space. We enhance your life grade in the times of high &amp; new tech. FUJI home elevator brings about a more convenient and high-grade life.</span></p>\r\n<p dir=\"ltr\" style=\"line-height: 1.38; margin-top: 0pt; margin-bottom: 0pt;\"><span style=\"font-size: 10.5pt; font-family: Arial,sans-serif; color: #333333; background-color: #ffffff; font-weight: 400; font-style: normal; font-variant: normal; text-decoration: none; vertical-align: baseline; white-space: pre-wrap;\">It displays the outstanding properties in a limited space. It has no machine room. Extremely small top-floor height can match with various old and new residences. Relying on the standard track installation system, the elevator can be installed more quickly and conveniently. In addition, the smooth start and leveling system bring about the rare stable elevator operation. Therefore you feel more comfortable in the elevator.</span></p>\r\n<p dir=\"ltr\" style=\"line-height: 1.38; margin-top: 0pt; margin-bottom: 0pt;\"><span style=\"font-size: 10.5pt; font-family: Arial,sans-serif; color: #333333; background-color: #ffffff; font-weight: bold; font-style: normal; font-variant: normal; text-decoration: none; vertical-align: baseline; white-space: pre-wrap;\">Characteristics of home elevators</span></p>\r\n<p dir=\"ltr\" style=\"line-height: 1.38; margin-top: 0pt; margin-bottom: 0pt;\"><span style=\"font-size: 10.5pt; font-family: Arial,sans-serif; color: #333333; background-color: #ffffff; font-weight: 400; font-style: normal; font-variant: normal; text-decoration: none; vertical-align: baseline; white-space: pre-wrap;\">*No need for a traditional machine room, without any construc- tion cost increased. Specially designed rucksack frame for the home elevator with traction ratio 2:1 VVVF drive technology, FUJI home elevator appropriate micro processing control.&nbsp;</span></p>\r\n<p dir=\"ltr\" style=\"line-height: 1.38; margin-top: 0pt; margin-bottom: 0pt;\"><span style=\"font-size: 10.5pt; font-family: Arial,sans-serif; color: #333333; background-color: #ffffff; font-weight: 400; font-style: normal; font-variant: normal; text-decoration: none; vertical-align: baseline; white-space: pre-wrap;\">*Slide + roller composite guide shoe.</span></p>\r\n<p dir=\"ltr\" style=\"line-height: 1.38; margin-top: 0pt; margin-bottom: 0pt;\"><span style=\"font-size: 10.5pt; font-family: Arial,sans-serif; color: #333333; background-color: #ffffff; font-weight: 400; font-style: normal; font-variant: normal; text-decoration: none; vertical-align: baseline; white-space: pre-wrap;\">*The appropriate traction machine bracket is fixed on the guide rail.</span></p>\r\n<p dir=\"ltr\" style=\"line-height: 1.38; margin-top: 0pt; margin-bottom: 0pt;\"><span style=\"font-size: 10.5pt; font-family: Arial,sans-serif; color: #333333; background-color: #ffffff; font-weight: 400; font-style: normal; font-variant: normal; text-decoration: none; vertical-align: baseline; white-space: pre-wrap;\">The building will not have any load.</span></p>\r\n<p dir=\"ltr\" style=\"line-height: 1.38; margin-top: 0pt; margin-bottom: 0pt;\"><span style=\"font-size: 10.5pt; font-family: Arial,sans-serif; color: #333333; background-color: #ffffff; font-weight: 400; font-style: normal; font-variant: normal; text-decoration: none; vertical-align: baseline; white-space: pre-wrap;\">*We apply 220V single-phase home elevator special machine.&nbsp;</span></p>\r\n<p dir=\"ltr\" style=\"line-height: 1.38; margin-top: 0pt; margin-bottom: 0pt;\"><span style=\"font-size: 10.5pt; font-family: Arial,sans-serif; color: #333333; background-color: #ffffff; font-weight: 400; font-style: normal; font-variant: normal; text-decoration: none; vertical-align: baseline; white-space: pre-wrap;\">*Automatic special door machine,synchronous timing belt transmission,TUV CE Certification passed.</span></p>\r\n<p dir=\"ltr\" style=\"line-height: 1.38; margin-top: 0pt; margin-bottom: 0pt;\">&nbsp;</p>\r\n<p dir=\"ltr\" style=\"line-height: 1.38; margin-top: 0pt; margin-bottom: 0pt;\"><strong><span style=\"background-color: #ffffff; font-variant-numeric: normal; font-variant-east-asian: normal; font-variant-alternates: normal; font-variant-position: normal; vertical-align: baseline;\"><span style=\"color: #333333; font-family: Arial, sans-serif;\"><span style=\"font-size: 14px; white-space-collapse: preserve;\">Home elevator construction sketch</span></span></span></strong></p>\r\n<p dir=\"ltr\" style=\"line-height: 1.38; margin-top: 0pt; margin-bottom: 0pt;\"><strong><span style=\"background-color: #ffffff; font-variant-numeric: normal; font-variant-east-asian: normal; font-variant-alternates: normal; font-variant-position: normal; vertical-align: baseline;\"><span style=\"color: #333333; font-family: Arial, sans-serif;\"><span style=\"font-size: 14px; white-space-collapse: preserve;\"><img src=\"../../../storage/uploads/bản vẽ thang home.PNG\" alt=\"\" width=\"1000\" height=\"1218\" /></span></span></span></strong></p>\r\n<p dir=\"ltr\" style=\"line-height: 1.38; margin-top: 0pt; margin-bottom: 0pt;\"><span style=\"background-color: #ffffff; font-variant-numeric: normal; font-variant-east-asian: normal; font-variant-alternates: normal; font-variant-position: normal; vertical-align: baseline;\"><span style=\"color: #333333; font-family: Arial, sans-serif;\"><span style=\"font-size: 14px; white-space-collapse: preserve;\"><span style=\"font-size: 14px; white-space-collapse: preserve;\"><strong>Specification</strong></span></span></span></span></p>\r\n<p dir=\"ltr\" style=\"line-height: 1.38; margin-top: 0pt; margin-bottom: 0pt;\"><span style=\"background-color: #ffffff; font-variant-numeric: normal; font-variant-east-asian: normal; font-variant-alternates: normal; font-variant-position: normal; vertical-align: baseline;\"><img src=\"../../../storage/uploads/th&ocirc;ng số thang home.PNG\" alt=\"\" width=\"1000\" height=\"184\" /></span></p>\r\n<p dir=\"ltr\" style=\"line-height: 1.38; margin-top: 0pt; margin-bottom: 0pt;\">&nbsp;</p>\r\n<p><span id=\"docs-internal-guid-139e7861-7fff-d682-7ea4-2baf9bab804e\"></span></p>', '<p><strong>完璧な生活は快適でリラックスしています</strong></p>\r\n<p>ヒューマンセンスのデザインが貴族の生活空間の雰囲気を飾り立てる。高度で新しいテクノロジーの時代において、私たちはあなたの生活の質を向上させる。FUJIの家庭用エレベーターは、より便利で高級な生活をもたらす。</p>\r\n<p>このエレベーターは限られたスペースで優れた特性を示す。機械室がなく、極めて小さな最上階の高さは、さまざまな古い住宅や新しい住宅に合致する。標準のトラック取り付けシステムに依存することで、エレベーターをより迅速かつ便利に取り付けることができる。さらに、スムーズな始動とレベリングシステムにより、稀に見る安定したエレベーターの運転を実現している。したがって、エレベーター内でより快適に感じることができる。</p>\r\n<p><strong>家庭用エレベーターの特徴</strong></p>\r\n<p>* 伝統的な機械室が不要で、建設コストは増加しない。牽引比2:1 VVVF駆動技術を備えた家庭用エレベーター向けに特別に設計されたリュックサックフレーム、FUJI家庭用エレベーターに適切なマイクロプロセッシング制御を採用している。</p>\r\n<p>* スライド+ローラー複合ガイドシュー。</p>\r\n<p>* 適切な牽引機のブラケットがガイドレールに固定される。建物に負荷がかからない。</p>\r\n<p>* 220V単相家庭用エレベーター専用機を採用している。</p>\r\n<p>* 自動特殊ドア機、同期タイミングベルト伝動、TUV CE認証を取得している。</p>\r\n<p>&nbsp;</p>\r\n<p><strong>家庭用エレベーター建設スケッチ</strong></p>\r\n<p><strong><img src=\"../../../storage/uploads/bản vẽ thang home 2.PNG\" alt=\"\" width=\"1000\" height=\"1218\" /></strong></p>\r\n<p><strong><img src=\"../../../storage/uploads/th&ocirc;ng số thang home 2.PNG\" alt=\"\" width=\"1000\" height=\"188\" /></strong></p>', 1, '2023-11-07 23:55:28', '2023-11-14 23:03:57'),
(20, 8, 'Hospital Elevator', '病院用エレベーター', 'hospital-elevator', 'storage/images/product/20/1700035287595900.jpg', 'Hospital elevators are considered a necessary means, effectively supporting timely movement to serve patients.', '病院のエレベーターは、患者にサービスを提供するためのタイムリーな移動を効果的にサポートする必要な手段と考えられています。', '<p>FUJI hospital elevators are not just used in delivering passengers. Because of its use particularity, it has special and strict requirements to the elevator use properties. FUJI hospital elevator can accurately control the elevators\' running speed. It brings about smooth and comfortable travel.</p>\r\n<p>FUJI hospital elevator lays special importance upon the humane design. It fully optimizes the car structure. It satisfies the clients\' use requirements to the greatest extent. It creates a peaceful and graceful space for vast passengers.</p>\r\n<p>FUJI hospital elevator satisfies the needs of emergency patients\' delivery. It applies humanization design and is equipped with a full set of top equipment. It is smooth and comfortable to run in.</p>\r\n<p><strong>Hospital Elevator Construction Sketch</strong></p>\r\n<p><strong><img src=\"../../../storage/uploads/bv thang bệnh viện.PNG\" alt=\"\" width=\"1000\" height=\"1123\" /></strong></p>\r\n<p><strong>Specification</strong></p>\r\n<p><strong><img src=\"../../../storage/uploads/th&ocirc;ng số thang bệnh viện.PNG\" alt=\"\" width=\"1000\" height=\"261\" /></strong></p>', '<p>FUJIの病院用エレベーターは、乗客を輸送するためだけでなく、特定の要件が厳格であるため、使用時に特別な要求を持っている。FUJIの病院用エレベーターは、正確な運行速度を制御でき、スムーズで快適な移動を提供する。</p>\r\n<p>FUJIの病院用エレベーターはスマートな設計を特に重視している。それは車両の構造を最適化し、顧客の要求を最大限に満たしている。それは快適で居心地の良いスペースを提供し、多くの乗客の輸送ニーズに応えている。</p>\r\n<p>FUJIの病院用エレベーターは、緊急時の患者の輸送ニーズに応える。それはスマートなデザインを採用し、トップクラスの設備を完備し、非常に静かで快適に動作できる。</p>\r\n<p><strong>病院のエレベーター建設のスケッチ</strong></p>\r\n<p><strong><img src=\"../../../storage/uploads/bv thang bệnh viện 2.PNG\" alt=\"\" width=\"1000\" height=\"1128\" /></strong></p>\r\n<p><strong>仕様</strong></p>\r\n<p><strong><img src=\"../../../storage/uploads/th&ocirc;ng số thang bệnh viện nhật.PNG\" alt=\"\" width=\"1000\" height=\"273\" /></strong></p>', 1, '2023-11-08 23:22:10', '2023-11-14 23:01:27'),
(21, 9, 'Semicircle Observation Elevator', '半円形展望エレベーター', 'semicircle-observation-elevator', 'storage/images/product/21/1700035208527716.jpg', NULL, NULL, '<p dir=\"ltr\" style=\"line-height: 1.38; margin-top: 0pt; margin-bottom: 0pt;\"><strong>Excellent car wall</strong></p>\r\n<p dir=\"ltr\" style=\"line-height: 1.38; margin-top: 0pt; margin-bottom: 0pt;\">It adopts highly secure, safety laminated glass. It is transparent. The passengers might appreciate the busy and prosperous city sight through the transparent car wall. The Laminated layer in laminated glass resists radiation. It buffers sound-wave vibration and isolates the sound. Large area car wall glass design shows smooth and beautiful lines. It beautifies the elevator car outline. Furthermore, the buildings are attractive.</p>\r\n<p dir=\"ltr\" style=\"line-height: 1.38; margin-top: 0pt; margin-bottom: 0pt;\"><strong>Super wide field of view</strong></p>\r\n<p dir=\"ltr\" style=\"line-height: 1.38; margin-top: 0pt; margin-bottom: 0pt;\">Full transparent lift car design can maximize the field of view. Through the visual extension, passengers can have a panoramic view of all the beautiful scenery.</p>\r\n<p dir=\"ltr\" style=\"line-height: 1.38; margin-top: 0pt; margin-bottom: 0pt;\"><strong>Multiple lift car shapes</strong></p>\r\n<p dir=\"ltr\" style=\"line-height: 1.38; margin-top: 0pt; margin-bottom: 0pt;\">Round,square and rhombic and other lift car shapes are optional, perfectly corresponding to different architectural styles.</p>\r\n<p dir=\"ltr\" style=\"line-height: 1.38; margin-top: 0pt; margin-bottom: 0pt;\"><strong>Outer glass hood</strong></p>\r\n<p dir=\"ltr\" style=\"line-height: 1.38; margin-top: 0pt; margin-bottom: 0pt;\">It harmoniously combines with the building and surroundings. Panoramic elevator is part of the building. It also adds a mobile charming scene for the building.</p>\r\n<p dir=\"ltr\" style=\"line-height: 1.38; margin-top: 0pt; margin-bottom: 0pt;\"><strong>Excellent sound insulation</strong></p>\r\n<p dir=\"ltr\" style=\"line-height: 1.38; margin-top: 0pt; margin-bottom: 0pt;\">The structure of the lift car is further optimized, which facilitates the elevator to achieve excellent sound insulation effect and customers to have quiet and steady using experience.</p>\r\n<p dir=\"ltr\" style=\"line-height: 1.38; margin-top: 0pt; margin-bottom: 0pt;\"><strong>Diverse decorative designs</strong></p>\r\n<p dir=\"ltr\" style=\"line-height: 1.38; margin-top: 0pt; margin-bottom: 0pt;\">There are a series of optional materials and colors for hoistway doors, handles and lift car walls, thus truly realizing individualized customized services.</p>\r\n<p dir=\"ltr\" style=\"line-height: 1.38; margin-top: 0pt; margin-bottom: 0pt;\">&nbsp;</p>\r\n<p dir=\"ltr\" style=\"line-height: 1.38; margin-top: 0pt; margin-bottom: 0pt;\"><strong><span style=\"background-color: #ffffff; font-variant-numeric: normal; font-variant-east-asian: normal; font-variant-alternates: normal; font-variant-position: normal; vertical-align: baseline;\"><span style=\"font-family: Arial, sans-serif;\"><span style=\"white-space-collapse: preserve;\">Semicircle Observation Elevator Construction Sketch</span></span></span></strong></p>\r\n<p dir=\"ltr\" style=\"line-height: 1.38; margin-top: 0pt; margin-bottom: 0pt;\"><strong><span style=\"background-color: #ffffff; font-variant-numeric: normal; font-variant-east-asian: normal; font-variant-alternates: normal; font-variant-position: normal; vertical-align: baseline;\"><span style=\"font-family: Arial, sans-serif;\"><span style=\"white-space-collapse: preserve;\"><img src=\"../../../storage/uploads/drawing thang k&iacute;nh tr&ograve;n.PNG\" alt=\"\" width=\"1000\" height=\"1006\" /></span></span></span></strong></p>\r\n<p dir=\"ltr\" style=\"line-height: 1.38; margin-top: 0pt; margin-bottom: 0pt;\"><strong><span style=\"background-color: #ffffff; font-variant-numeric: normal; font-variant-east-asian: normal; font-variant-alternates: normal; font-variant-position: normal; vertical-align: baseline;\"><span style=\"font-family: Arial, sans-serif;\"><span style=\"white-space-collapse: preserve;\">Specification</span></span></span></strong></p>\r\n<p dir=\"ltr\" style=\"line-height: 1.38; margin-top: 0pt; margin-bottom: 0pt;\"><strong><span style=\"background-color: #ffffff; font-variant-numeric: normal; font-variant-east-asian: normal; font-variant-alternates: normal; font-variant-position: normal; vertical-align: baseline;\"><span style=\"font-family: Arial, sans-serif;\"><span style=\"white-space-collapse: preserve;\"><img src=\"../../../storage/uploads/th&ocirc;ng số thang k&iacute;nh tr&ograve;n.PNG\" alt=\"\" width=\"1000\" height=\"542\" /></span></span></span></strong></p>\r\n<p><span id=\"docs-internal-guid-a16fb005-7fff-7507-646e-17dccc2c27bf\"></span></p>', '<p class=\"MsoNormal\" style=\"border: none; mso-padding-alt: 31.0pt 31.0pt 31.0pt 31.0pt; mso-border-shadow: yes;\"><strong><span lang=\"JA\" style=\"font-size: 12.0pt; line-height: 115%; font-family: \'Yu Mincho\',serif; mso-ascii-font-family: \'Times New Roman\'; mso-hansi-font-family: \'Times New Roman\';\">優れたカーウォール</span></strong></p>\r\n<p class=\"MsoNormal\" style=\"border: none; mso-padding-alt: 31.0pt 31.0pt 31.0pt 31.0pt; mso-border-shadow: yes;\"><span lang=\"JA\" style=\"font-size: 12.0pt; line-height: 115%; font-family: \'Yu Mincho\',serif; mso-ascii-font-family: \'Times New Roman\'; mso-hansi-font-family: \'Times New Roman\';\">このウオールは安全強化ガラスを採用している。ウオール自体は透明であるので、乗客は透明なカーウォールを通じて賑やかで繁華な都市の景色を楽しむことができる。積層ガラスの中の積層層は放射線に対抗する。音波振動を緩衝し、音を遮断する効果も整えている。広いエリアのカーウォールガラスデザインは、滑らかで美しいラインを示し、エレベーターカーの輪郭を美化する。さらに、建物は魅力的である。</span></p>\r\n<p class=\"MsoNormal\" style=\"border: none; mso-padding-alt: 31.0pt 31.0pt 31.0pt 31.0pt; mso-border-shadow: yes;\"><strong><span lang=\"JA\" style=\"font-size: 12.0pt; line-height: 115%; font-family: \'Yu Mincho\',serif; mso-ascii-font-family: \'Times New Roman\'; mso-hansi-font-family: \'Times New Roman\';\">超広い視野</span></strong></p>\r\n<p class=\"MsoNormal\" style=\"border: none; mso-padding-alt: 31.0pt 31.0pt 31.0pt 31.0pt; mso-border-shadow: yes;\"><span lang=\"JA\" style=\"font-size: 12.0pt; line-height: 115%; font-family: \'Yu Mincho\',serif; mso-ascii-font-family: \'Times New Roman\'; mso-hansi-font-family: \'Times New Roman\';\">完全透明のリフトカーのデザインは、視野を最大化できる。視覚の拡張を通じて、乗客は美しい景色のパノラマビューを楽しむことができる。</span></p>\r\n<p class=\"MsoNormal\" style=\"border: none; mso-padding-alt: 31.0pt 31.0pt 31.0pt 31.0pt; mso-border-shadow: yes;\"><strong><span lang=\"JA\" style=\"font-size: 12.0pt; line-height: 115%; font-family: \'Yu Mincho\',serif; mso-ascii-font-family: \'Times New Roman\'; mso-hansi-font-family: \'Times New Roman\';\">複数のリフトカーの形状</span></strong></p>\r\n<p class=\"MsoNormal\" style=\"border: none; mso-padding-alt: 31.0pt 31.0pt 31.0pt 31.0pt; mso-border-shadow: yes;\"><span lang=\"JA\" style=\"font-size: 12.0pt; line-height: 115%; font-family: \'Yu Mincho\',serif; mso-ascii-font-family: \'Times New Roman\'; mso-hansi-font-family: \'Times New Roman\';\">円形、四角形、ひし形など、さまざまなリフトカーの形状が選択可能で、異なる建築スタイルに完璧に対応している。</span></p>\r\n<p class=\"MsoNormal\" style=\"border: none; mso-padding-alt: 31.0pt 31.0pt 31.0pt 31.0pt; mso-border-shadow: yes;\"><strong><span lang=\"JA\" style=\"font-size: 12.0pt; line-height: 115%; font-family: \'Yu Mincho\',serif; mso-ascii-font-family: \'Times New Roman\'; mso-hansi-font-family: \'Times New Roman\';\">外部ガラスフード</span></strong></p>\r\n<p class=\"MsoNormal\" style=\"border: none; mso-padding-alt: 31.0pt 31.0pt 31.0pt 31.0pt; mso-border-shadow: yes;\"><span lang=\"JA\" style=\"font-size: 12.0pt; line-height: 115%; font-family: \'Yu Mincho\',serif; mso-ascii-font-family: \'Times New Roman\'; mso-hansi-font-family: \'Times New Roman\';\">建物と周囲と調和している。パノラマエレベーターは建物の一部である。建物に移動中の魅力的な景色を追加する。</span></p>\r\n<p class=\"MsoNormal\" style=\"border: none; mso-padding-alt: 31.0pt 31.0pt 31.0pt 31.0pt; mso-border-shadow: yes;\"><strong><span lang=\"JA\" style=\"font-size: 12.0pt; line-height: 115%; font-family: \'Yu Mincho\',serif; mso-ascii-font-family: \'Times New Roman\'; mso-hansi-font-family: \'Times New Roman\';\">優れた遮音効果</span></strong></p>\r\n<p class=\"MsoNormal\" style=\"border: none; mso-padding-alt: 31.0pt 31.0pt 31.0pt 31.0pt; mso-border-shadow: yes;\"><span lang=\"JA\" style=\"font-size: 12.0pt; line-height: 115%; font-family: \'Yu Mincho\',serif; mso-ascii-font-family: \'Times New Roman\'; mso-hansi-font-family: \'Times New Roman\';\">リフトカーの構造がさらに最適化され、エレベーターは優れた遮音効果を実現し、お客様に静かで安定した使用体験を提供する。</span></p>\r\n<p class=\"MsoNormal\" style=\"border: none; mso-padding-alt: 31.0pt 31.0pt 31.0pt 31.0pt; mso-border-shadow: yes;\"><strong><span lang=\"JA\" style=\"font-size: 12.0pt; line-height: 115%; font-family: \'Yu Mincho\',serif; mso-ascii-font-family: \'Times New Roman\'; mso-hansi-font-family: \'Times New Roman\';\">多様な装飾デザイン</span></strong></p>\r\n<p class=\"MsoNormal\" style=\"border: none; mso-padding-alt: 31.0pt 31.0pt 31.0pt 31.0pt; mso-border-shadow: yes;\"><span lang=\"JA\" style=\"font-size: 12.0pt; line-height: 115%; font-family: \'Yu Mincho\',serif; mso-ascii-font-family: \'Times New Roman\'; mso-hansi-font-family: \'Times New Roman\';\">昇降ドア、ハンドル、リフトカーウォールには、選択可能な一連の材料と色があり、個別にカスタマイズされたサービスを実現する。</span></p>\r\n<p><strong>半円展望エレベーター建設スケッチ</strong></p>\r\n<p><strong><img src=\"../../../storage/uploads/drawing thang k&iacute;nh tr&ograve;n - Copy.PNG\" alt=\"\" width=\"1000\" height=\"966\" /></strong></p>\r\n<p><strong>仕様</strong></p>\r\n<p><strong><img src=\"../../../storage/uploads/th&ocirc;ng số thang k&iacute;nh tr&ograve;n - nhật.PNG\" alt=\"\" width=\"1000\" height=\"536\" /></strong></p>', 1, '2023-11-08 23:36:56', '2023-11-14 23:00:08'),
(22, 9, 'Square Observation Elevator', '四角形展望エレベーター', 'square-observation-elevator', 'storage/images/product/22/1700035127016345.jpg', NULL, NULL, '<p><strong>Excellent car wall</strong></p>\r\n<p>It adopts highly secure, safety laminated glass. It is transparent. The passengers might appreciate the busy and prosperous city sight through the transparent car wall. The Laminated layer in laminated glass resists radiation. It buffers sound-wave vibration and isolates the sound. Large area car wall glass design shows smooth and beautiful lines. It beautifies the elevator car outline. Furthermore, the buildings are attractive.</p>\r\n<p><strong>Super wide field of view</strong></p>\r\n<p>Full transparent lift car design can maximize the field of view. Through the visual extension, passengers can have a panoramic view of all the beautiful scenery.</p>\r\n<p><strong>Multiple lift car shapes</strong></p>\r\n<p>Round,square and rhombic and other lift car shapes are optional, perfectly corresponding to different architectural styles.</p>\r\n<p><strong>Outer glass hood</strong></p>\r\n<p>It harmoniously combines with the building and surroundings. Panoramic elevator is part of the building. It also adds a mobile charming scene for the building.</p>\r\n<p><strong>Excellent sound insulation</strong></p>\r\n<p>The structure of the lift car is further optimized, which facilitates the elevator to achieve excellent sound insulation effect and customers to have quiet and steady using experience.</p>\r\n<p><strong>Diverse decorative designs</strong></p>\r\n<p>There are a series of optional materials and colors for hoistway doors, handles and lift car walls, thus truly realizing individualized customized services.</p>\r\n<p><strong>Square&nbsp;<span style=\"background-color: #ffffff; font-variant-numeric: normal; font-variant-east-asian: normal; font-variant-alternates: normal; font-variant-position: normal; vertical-align: baseline;\"><span style=\"font-family: Arial, sans-serif;\"><span style=\"white-space-collapse: preserve;\"><strong>O</strong>bservation Elevator Construction Sketch</span></span></span></strong></p>\r\n<p><img src=\"../../../storage/uploads/drawing thang k&iacute;nh vu&ocirc;ng.PNG\" alt=\"\" width=\"1000\" height=\"1038\" /></p>\r\n<p><strong>Specification</strong></p>\r\n<p><strong><img src=\"../../../storage/uploads/th&ocirc;ng số thang k&iacute;nh vu&ocirc;ng.PNG\" alt=\"\" width=\"1000\" height=\"435\" /></strong></p>\r\n<p>&nbsp;</p>', '<p><strong>優れたカーウォール</strong></p>\r\n<p>このウオールは安全強化ガラスを採用している。ウオール自体は透明であるので、乗客は透明なカーウォールを通じて賑やかで繁華な都市の景色を楽しむことができる。積層ガラスの中の積層層は放射線に対抗する。音波振動を緩衝し、音を遮断する効果も整えている。広いエリアのカーウォールガラスデザインは、滑らかで美しいラインを示し、エレベーターカーの輪郭を美化する。さらに、建物は魅力的である。</p>\r\n<p><strong>超広い視野</strong></p>\r\n<p>完全透明のリフトカーのデザインは、視野を最大化できる。視覚の拡張を通じて、乗客は美しい景色のパノラマビューを楽しむことができる。</p>\r\n<p><strong>複数のリフトカーの形状</strong></p>\r\n<p>円形、四角形、ひし形など、さまざまなリフトカーの形状が選択可能で、異なる建築スタイルに完璧に対応している。</p>\r\n<p><strong>外部ガラスフード</strong></p>\r\n<p>建物と周囲と調和している。パノラマエレベーターは建物の一部である。建物に移動中の魅力的な景色を追加する。</p>\r\n<p><strong>優れた遮音効果</strong></p>\r\n<p>リフトカーの構造がさらに最適化され、エレベーターは優れた遮音効果を実現し、お客様に静かで安定した使用体験を提供する。</p>\r\n<p><strong>多様な装飾デザイン</strong></p>\r\n<p>昇降ドア、ハンドル、リフトカーウォールには、選択可能な一連の材料と色があり、個別にカスタマイズされたサービスを実現する。</p>\r\n<p>&nbsp;</p>\r\n<p><strong>広場展望エレベーター建設スケッチ</strong></p>\r\n<p><strong><img src=\"../../../storage/uploads/drawing thang k&iacute;nh vu&ocirc;ng - Copy.PNG\" alt=\"\" width=\"1000\" height=\"1007\" /></strong></p>\r\n<p><strong>仕様</strong></p>\r\n<p><strong><img src=\"../../../storage/uploads/th&ocirc;ng số thang k&iacute;nh vu&ocirc;ng nhật.PNG\" alt=\"\" width=\"1000\" height=\"441\" /></strong></p>', 1, '2023-11-08 23:48:58', '2023-11-14 22:58:47'),
(23, 10, 'Escalator', 'エスカレーター', 'escalator', 'storage/images/product/23/1700035053210912.jpg', NULL, NULL, '<p><strong>Traffic Solution Plan Specialist</strong></p>\r\n<p>It innovatively combines with human-centered ideas. It has an advanced stairway and belt design. It is smooth and comfortable in operation. Solemn and smooth handrail entry, traffic flow light appear bright and dynamic. It perfectly connects with inner/outer cover plates, skirting plate, frontline plate. It smoothly transits to a big arc rotary end handrail.</p>\r\n<p>FUJI escalators are widely applicable for the airport, railway station, high grade hotel, CBD, large-size shopping center, public facilities etc. It adds a brilliant sight line for modern buildings.</p>\r\n<p>&bull; Its truss adapts the superior profile steel with unique structure, high intensity, through anti-rusting, good effect, and long life. The advanced international manufacture craft, technology, general assembly, tooling guarantee the precise elevator path.</p>\r\n<p>&bull; Super-strong CPU master-board computer control executes real-time monitor to the running conditions. It automatically stops at any abnormal conditions. It also promptly and automatically makes records, displays the trouble code.</p>\r\n<p><strong>Perfect model brings better riding experience</strong></p>\r\n<p>Extremely long life, energy efficient delivery, stable and reliable performance, will be on your right-hand man, are the best carrying tools. FUJI escalator to excellent performance, practical and flexible design to meet different customer needs. Priority use of microcomputer variable frequency(VVVF) and ergonomics research and advanced manufacturing technology, FUJI escalator is more perfect, safe, comfortable, energy-saving, and easy maintenance.</p>\r\n<p><strong>Save space with optimized design</strong></p>\r\n<p>Minimum span size greatly saves the occupied space. The compact pit depth design brings about a freer construction layout.</p>\r\n<p>&nbsp;</p>', '<p class=\"MsoNormal\"><strong><span lang=\"JA\" style=\"font-size: 12.0pt; line-height: 115%; font-family: \'Yu Mincho\',serif; mso-ascii-font-family: \'Times New Roman\'; mso-hansi-font-family: \'Times New Roman\';\">交通ソリューションプランの専門家</span></strong></p>\r\n<p class=\"MsoNormal\"><span lang=\"JA\" style=\"font-size: 12.0pt; line-height: 115%; font-family: \'Yu Mincho\',serif; mso-ascii-font-family: \'Times New Roman\'; mso-hansi-font-family: \'Times New Roman\';\">この機械は革新的に人間中心のアイデアと組み合わされている。我が社のエスカレーターは高度な階段とベルトのデザインを備えており、運転は滑らかで快適である。荘厳で滑らかな手すりの入り口、明るくダイナミックな交通フローライトが明るく輝きる。このエスカレーターの内側</span><span lang=\"vi\" style=\"font-size: 12.0pt; line-height: 115%; font-family: \'Times New Roman\',serif; mso-fareast-font-family: \'Yu Mincho\'; mso-bidi-font-family: Arial;\">/</span><span lang=\"JA\" style=\"font-size: 12.0pt; line-height: 115%; font-family: \'Yu Mincho\',serif; mso-ascii-font-family: \'Times New Roman\'; mso-hansi-font-family: \'Times New Roman\';\">外側のカバープレート、スカーティングプレート、フロントラインプレートと完璧に結びつきる。また、大きなアーチ型の回転式手すりにスムーズに移行できる。</span></p>\r\n<p class=\"MsoNormal\"><span lang=\"vi\" style=\"font-size: 12.0pt; line-height: 115%; font-family: \'Times New Roman\',serif; mso-fareast-font-family: \'Yu Mincho\'; mso-bidi-font-family: Arial;\">FUJI</span><span lang=\"JA\" style=\"font-size: 12.0pt; line-height: 115%; font-family: \'Yu Mincho\',serif; mso-ascii-font-family: \'Times New Roman\'; mso-hansi-font-family: \'Times New Roman\';\">のエスカレーターは、空港、鉄道駅、高級ホテル、中央業務地区、大型ショッピングセンター、公共施設など、幅広い用途に適している。これは現代の建物に華やかな視線を加える。</span></p>\r\n<p class=\"MsoNormal\"><span lang=\"JA\" style=\"font-size: 12.0pt; line-height: 115%; font-family: \'Yu Mincho\',serif; mso-ascii-font-family: \'Times New Roman\'; mso-hansi-font-family: \'Times New Roman\';\">&bull;</span><span lang=\"JA\" style=\"font-size: 12.0pt; line-height: 115%; font-family: \'Times New Roman\',serif; mso-fareast-font-family: \'Yu Mincho\'; mso-bidi-font-family: Arial;\"> </span><span lang=\"JA\" style=\"font-size: 12.0pt; line-height: 115%; font-family: \'Yu Mincho\',serif; mso-ascii-font-family: \'Times New Roman\'; mso-hansi-font-family: \'Times New Roman\';\">トラスは、ユニークな構造を持つ優れた形鋼に適応し、高い強度、防錆処理、効果的な効果、長寿命を備えている。</span></p>\r\n<p class=\"MsoNormal\"><span lang=\"JA\" style=\"font-size: 12.0pt; line-height: 115%; font-family: \'Yu Mincho\',serif; mso-ascii-font-family: \'Times New Roman\'; mso-hansi-font-family: \'Times New Roman\';\">高度な国際製造技術、テクノロジー、総合組立、工具により、正確なエレベータ経路を保証している。</span></p>\r\n<p class=\"MsoNormal\"><span lang=\"JA\" style=\"font-size: 12.0pt; line-height: 115%; font-family: \'Yu Mincho\',serif; mso-ascii-font-family: \'Times New Roman\'; mso-hansi-font-family: \'Times New Roman\';\">&bull;</span><span lang=\"JA\" style=\"font-size: 12.0pt; line-height: 115%; font-family: \'Times New Roman\',serif; mso-fareast-font-family: \'Yu Mincho\'; mso-bidi-font-family: Arial;\"> </span><span lang=\"JA\" style=\"font-size: 12.0pt; line-height: 115%; font-family: \'Yu Mincho\',serif; mso-ascii-font-family: \'Times New Roman\'; mso-hansi-font-family: \'Times New Roman\';\">超強力な</span><span lang=\"vi\" style=\"font-size: 12.0pt; line-height: 115%; font-family: \'Times New Roman\',serif; mso-fareast-font-family: \'Yu Mincho\'; mso-bidi-font-family: Arial;\">CPU</span><span lang=\"JA\" style=\"font-size: 12.0pt; line-height: 115%; font-family: \'Yu Mincho\',serif; mso-ascii-font-family: \'Times New Roman\'; mso-hansi-font-family: \'Times New Roman\';\">マスターボードコンピュータ制御は、運転状況のリアルタイムモニタリングを実行し、異常な状況で自動停止する。また、トラブルコードを即座に記録し、表示する。</span></p>\r\n<p class=\"MsoNormal\"><strong><span lang=\"JA\" style=\"font-size: 12.0pt; line-height: 115%; font-family: \'Yu Mincho\',serif; mso-ascii-font-family: \'Times New Roman\'; mso-hansi-font-family: \'Times New Roman\';\">完璧なモデルがより良い乗車体験をもたらす</span></strong></p>\r\n<p class=\"MsoNormal\"><span lang=\"JA\" style=\"font-size: 12.0pt; line-height: 115%; font-family: \'Yu Mincho\',serif; mso-ascii-font-family: \'Times New Roman\'; mso-hansi-font-family: \'Times New Roman\';\">非常に長寿命、エネルギー効率の良いデリバリー、安定した信頼性のあるパフォーマンスは、あなたの右腕であり、最高の搬送ツールである。</span></p>\r\n<p class=\"MsoNormal\"><span lang=\"vi\" style=\"font-size: 12.0pt; line-height: 115%; font-family: \'Times New Roman\',serif; mso-fareast-font-family: \'Yu Mincho\'; mso-bidi-font-family: Arial;\">FUJI</span><span lang=\"JA\" style=\"font-size: 12.0pt; line-height: 115%; font-family: \'Yu Mincho\',serif; mso-ascii-font-family: \'Times New Roman\'; mso-hansi-font-family: \'Times New Roman\';\">のエスカレーターは、優れたパフォーマンス、実用的で柔軟なデザインを提供し、さまざまな顧客のニーズを満たすように設計されている。マイクロコンピュータ可変周波数（</span><span lang=\"vi\" style=\"font-size: 12.0pt; line-height: 115%; font-family: \'Times New Roman\',serif; mso-fareast-font-family: \'Yu Mincho\'; mso-bidi-font-family: Arial;\">VVVF</span><span lang=\"JA\" style=\"font-size: 12.0pt; line-height: 115%; font-family: \'Yu Mincho\',serif; mso-ascii-font-family: \'Times New Roman\'; mso-hansi-font-family: \'Times New Roman\';\">）と人間工学の研究、先進的な製造技術を優先して使用し、</span><span lang=\"vi\" style=\"font-size: 12.0pt; line-height: 115%; font-family: \'Times New Roman\',serif; mso-fareast-font-family: \'Yu Mincho\'; mso-bidi-font-family: Arial;\">FUJI</span><span lang=\"JA\" style=\"font-size: 12.0pt; line-height: 115%; font-family: \'Yu Mincho\',serif; mso-ascii-font-family: \'Times New Roman\'; mso-hansi-font-family: \'Times New Roman\';\">のエスカレーターはより完璧で、安全で快適でエネルギー節約で、メンテナンスが簡単である。</span></p>\r\n<p class=\"MsoNormal\"><strong><span lang=\"JA\" style=\"font-size: 12.0pt; line-height: 115%; font-family: \'Yu Mincho\',serif; mso-ascii-font-family: \'Times New Roman\'; mso-hansi-font-family: \'Times New Roman\';\">最適化された設計であるペースを節約</span></strong></p>\r\n<p class=\"MsoNormal\"><span lang=\"JA\" style=\"font-size: 12.0pt; line-height: 115%; font-family: \'Yu Mincho\',serif; mso-ascii-font-family: \'Times New Roman\'; mso-hansi-font-family: \'Times New Roman\';\">最小のスパンサイズは、占有スペースを大幅に節約しる。コンパクトなピット深度設計により、自由な建設配置を実現する。</span></p>', 1, '2023-11-08 23:51:17', '2023-11-14 22:57:33'),
(24, 11, 'FJ-CC-201', 'FJ-CC-201', 'fj-cc-201', 'storage/images/product/24/1700035782193182.jpg', NULL, NULL, NULL, NULL, 1, '2023-11-14 23:09:42', '2023-11-14 23:09:42'),
(25, 11, 'FJ-CC-202', 'FJ-CC-202', 'fj-cc-202', 'storage/images/product/25/1700035904686587.jpg', NULL, NULL, NULL, NULL, 1, '2023-11-14 23:11:44', '2023-11-14 23:11:44'),
(26, 11, 'FJ-CC-203', 'FJ-CC-203', 'fj-cc-203', 'storage/images/product/26/1700035991220347.jpg', NULL, NULL, NULL, NULL, 1, '2023-11-14 23:13:11', '2023-11-14 23:13:11'),
(27, 11, 'FJ-CC-204', 'FJ-CC-204', 'fj-cc-204', 'storage/images/product/27/1700036006235573.jpg', NULL, NULL, NULL, NULL, 1, '2023-11-14 23:13:26', '2023-11-14 23:13:26'),
(28, 11, 'FJ-CC-205', 'FJ-CC-205', 'fj-cc-205', 'storage/images/product/28/1700036101993263.jpg', NULL, NULL, NULL, NULL, 1, '2023-11-14 23:15:01', '2023-11-14 23:15:01'),
(29, 11, 'FJ-CC-206', 'FJ-CC-206', 'fj-cc-206', 'storage/images/product/29/1700036101539224.jpg', NULL, NULL, NULL, NULL, 1, '2023-11-14 23:15:01', '2023-11-14 23:15:01'),
(30, 11, 'FJ-CC-207', 'FJ-CC-207', 'fj-cc-207', 'storage/images/product/30/1700036140723843.jpg', NULL, NULL, NULL, NULL, 1, '2023-11-14 23:15:40', '2023-11-14 23:15:40'),
(31, 11, 'FJ-CC-208', 'FJ-CC-208', 'fj-cc-208', 'storage/images/product/31/1700036180857457.jpg', NULL, NULL, NULL, NULL, 1, '2023-11-14 23:16:20', '2023-11-14 23:16:20'),
(32, 11, 'FJ-DP-101', 'FJ-DP-101', 'fj-dp-101', 'storage/images/product/32/1700036256207527.jpg', NULL, NULL, NULL, NULL, 1, '2023-11-14 23:17:36', '2023-11-14 23:17:36'),
(33, 11, 'FJ-DP-102', 'FJ-DP-102', 'fj-dp-102', 'storage/images/product/33/1700036271080554.jpg', NULL, NULL, NULL, NULL, 1, '2023-11-14 23:17:51', '2023-11-14 23:17:51'),
(34, 11, 'FJ-DP-103', 'FJ-DP-103', 'fj-dp-103', 'storage/images/product/34/1700036313904518.jpg', NULL, NULL, NULL, NULL, 1, '2023-11-14 23:18:33', '2023-11-14 23:18:33'),
(35, 11, 'FJ-DP-104', 'FJ-DP-104', 'fj-dp-104', 'storage/images/product/35/1700036315528020.jpg', NULL, NULL, NULL, NULL, 1, '2023-11-14 23:18:35', '2023-11-14 23:18:35'),
(36, 11, 'FJ-DP-105', 'FJ-DP-105', 'fj-dp-105', 'storage/images/product/36/1700036330851172.jpg', NULL, NULL, NULL, NULL, 1, '2023-11-14 23:18:50', '2023-11-14 23:18:50'),
(37, 11, 'FJ-DP-106', 'FJ-DP-106', 'fj-dp-106', 'storage/images/product/37/1700036372931013.jpg', NULL, NULL, NULL, NULL, 1, '2023-11-14 23:19:32', '2023-11-14 23:19:32'),
(38, 11, 'FJ-DP-107', 'FJ-DP-107', 'fj-dp-107', 'storage/images/product/38/1700036388800676.jpg', NULL, NULL, NULL, NULL, 1, '2023-11-14 23:19:48', '2023-11-14 23:19:48'),
(39, 11, 'FJ-DP-108', 'FJ-DP-108', 'fj-dp-108', 'storage/images/product/39/1700036405006357.jpg', NULL, NULL, NULL, NULL, 1, '2023-11-14 23:20:05', '2023-11-14 23:20:05'),
(40, 11, 'FJ-CD-501', 'FJ-CD-501', 'fj-cd-501', 'storage/images/product/40/1700036502713319.jpg', NULL, NULL, NULL, NULL, 1, '2023-11-14 23:21:42', '2023-11-14 23:21:42'),
(41, 11, 'FJ-CD-502', 'FJ-CD-502', 'fj-cd-502', 'storage/images/product/41/1700036526310240.jpg', NULL, NULL, NULL, NULL, 1, '2023-11-14 23:22:06', '2023-11-14 23:22:06'),
(42, 11, 'FJ-CD-503', 'FJ-CD-503', 'fj-cd-503', 'storage/images/product/42/1700036535687848.jpg', NULL, NULL, NULL, NULL, 1, '2023-11-14 23:22:15', '2023-11-14 23:22:15'),
(43, 11, 'FJ-CD-504', 'FJ-CD-504', 'fj-cd-504', 'storage/images/product/43/1700036572337593.jpg', NULL, NULL, NULL, NULL, 1, '2023-11-14 23:22:52', '2023-11-14 23:22:52'),
(44, 11, 'FJ-CD-505', 'FJ-CD-505', 'fj-cd-505', 'storage/images/product/44/1700036614729414.jpg', NULL, NULL, NULL, NULL, 1, '2023-11-14 23:23:34', '2023-11-14 23:23:34'),
(45, 11, 'FJ-CD-506', 'FJ-CD-506', 'fj-cd-506', 'storage/images/product/45/1700036634776178.jpg', NULL, NULL, NULL, NULL, 1, '2023-11-14 23:23:54', '2023-11-14 23:23:55'),
(46, 11, 'FJ-CD-507', 'FJ-CD-507', 'fj-cd-507', 'storage/images/product/46/1700036673283088.jpg', NULL, NULL, NULL, NULL, 1, '2023-11-14 23:24:33', '2023-11-14 23:24:33'),
(47, 11, 'FJ-CD-508', 'FJ-CD-508', 'fj-cd-508', 'storage/images/product/47/1700036675180405.jpg', NULL, NULL, NULL, NULL, 1, '2023-11-14 23:24:35', '2023-11-14 23:24:35'),
(48, 11, 'FJ-CD-509', 'FJ-CD-509', 'fj-cd-509', 'storage/images/product/48/1700036694412480.jpg', NULL, NULL, NULL, NULL, 1, '2023-11-14 23:24:54', '2023-11-14 23:24:54'),
(49, 11, 'FJ-CD-510', 'FJ-CD-510', 'fj-cd-510', 'storage/images/product/49/1700036729669573.jpg', NULL, NULL, NULL, NULL, 1, '2023-11-14 23:25:29', '2023-11-14 23:25:29'),
(50, 11, 'FJ-CD-511', 'FJ-CD-511', 'fj-cd-511', 'storage/images/product/50/1700036765005847.jpg', NULL, NULL, NULL, NULL, 1, '2023-11-14 23:26:05', '2023-11-14 23:26:05'),
(51, 11, 'FJ-CD-512', 'FJ-CD-512', 'fj-cd-512', 'storage/images/product/51/1700036779070462.jpg', NULL, NULL, NULL, NULL, 1, '2023-11-14 23:26:19', '2023-11-14 23:26:19'),
(52, 11, 'FJ-CD-513', 'FJ-CD-513', 'fj-cd-513', 'storage/images/product/52/1700036830356205.jpg', NULL, NULL, NULL, NULL, 1, '2023-11-14 23:27:10', '2023-11-14 23:27:10'),
(53, 11, 'FJ-CD-514', 'FJ-CD-514', 'fj-cd-514', 'storage/images/product/53/1700036876049726.jpg', NULL, NULL, NULL, NULL, 1, '2023-11-14 23:27:56', '2023-11-14 23:27:56'),
(54, 11, 'FJ-CD-515', 'FJ-CD-515', 'fj-cd-515', 'storage/images/product/54/1700036888578332.jpg', NULL, NULL, NULL, NULL, 1, '2023-11-14 23:28:08', '2023-11-14 23:28:08'),
(55, 11, 'FJ-CD-516', 'FJ-CD-516', 'fj-cd-516', 'storage/images/product/55/1700036921999709.jpg', NULL, NULL, NULL, NULL, 1, '2023-11-14 23:28:41', '2023-11-14 23:28:41'),
(56, 11, 'FJ-CD-517', 'FJ-CD-517', 'fj-cd-517', 'storage/images/product/56/1700036934371605.jpg', NULL, NULL, NULL, NULL, 1, '2023-11-14 23:28:54', '2023-11-14 23:28:54'),
(57, 11, 'FJ-CD-518', 'FJ-CD-518', 'fj-cd-518', 'storage/images/product/57/1700036970350595.jpg', NULL, NULL, NULL, NULL, 1, '2023-11-14 23:29:30', '2023-11-14 23:29:30'),
(58, 11, 'FJ-CD-519', 'FJ-CD-519', 'fj-cd-519', 'storage/images/product/58/1700037006747560.jpg', NULL, NULL, NULL, NULL, 1, '2023-11-14 23:30:06', '2023-11-14 23:30:06'),
(59, 11, 'FJ-CN-600', 'FJ-CN-600', 'fj-cn-600', 'storage/images/product/59/1700037051678116.jpg', NULL, NULL, NULL, NULL, 1, '2023-11-14 23:30:51', '2023-11-14 23:30:51'),
(60, 11, 'FJ-CN-601', 'FJ-CN-601', 'fj-cn-601', 'storage/images/product/60/1700037067152879.jpg', NULL, NULL, NULL, NULL, 1, '2023-11-14 23:31:07', '2023-11-14 23:31:07'),
(61, 11, 'FJ-CN-603', 'FJ-CN-603', 'fj-cn-603', 'storage/images/product/61/1700037084452652.jpg', NULL, NULL, NULL, NULL, 1, '2023-11-14 23:31:24', '2023-11-14 23:31:24'),
(62, 11, 'FJ-CN-604', 'FJ-CN-604', 'fj-cn-604', 'storage/images/product/62/1700037108842371.jpg', NULL, NULL, NULL, NULL, 1, '2023-11-14 23:31:48', '2023-11-14 23:31:48'),
(63, 11, 'FJ-CN-605', 'FJ-CN-605', 'fj-cn-605', 'storage/images/product/63/1700037132605974.jpg', NULL, NULL, NULL, NULL, 1, '2023-11-14 23:32:12', '2023-11-14 23:32:12'),
(64, 11, 'FJ-CN-606', 'FJ-CN-606', 'fj-cn-606', 'storage/images/product/64/1700037156082767.jpg', NULL, NULL, NULL, NULL, 1, '2023-11-14 23:32:36', '2023-11-14 23:32:36'),
(65, 11, 'FJ-CN-607', 'FJ-CN-607', 'fj-cn-607', 'storage/images/product/65/1700037182354167.jpg', NULL, NULL, NULL, NULL, 1, '2023-11-14 23:33:02', '2023-11-14 23:33:02'),
(66, 11, 'FJ-CN-608', 'FJ-CN-608', 'fj-cn-608', 'storage/images/product/66/1700037213932003.jpg', NULL, NULL, NULL, NULL, 1, '2023-11-14 23:33:33', '2023-11-14 23:33:33'),
(67, 11, 'FJ-CN-609', 'FJ-CN-609', 'fj-cn-609', 'storage/images/product/67/1700037246491649.jpg', NULL, NULL, NULL, NULL, 1, '2023-11-14 23:34:06', '2023-11-14 23:34:06'),
(68, 11, 'FJ-CN-610', 'FJ-CN-610', 'fj-cn-610', 'storage/images/product/68/1700037283320366.jpg', NULL, NULL, NULL, NULL, 1, '2023-11-14 23:34:43', '2023-11-14 23:34:43'),
(69, 11, 'FJ-CN-611', 'FJ-CN-611', 'fj-cn-611', 'storage/images/product/69/1700037313943350.jpg', NULL, NULL, NULL, NULL, 1, '2023-11-14 23:35:13', '2023-11-14 23:35:13'),
(70, 11, 'FJ-CN-612', 'FJ-CN-612', 'fj-cn-612', 'storage/images/product/70/1700037324319583.jpg', NULL, NULL, NULL, NULL, 1, '2023-11-14 23:35:24', '2023-11-14 23:35:24');

-- --------------------------------------------------------

--
-- Table structure for table `product_categories`
--

CREATE TABLE `product_categories` (
  `id` bigint(20) UNSIGNED NOT NULL,
  `title_en` varchar(255) NOT NULL,
  `title_jp` varchar(255) NOT NULL,
  `slug` text NOT NULL,
  `is_active` tinyint(4) NOT NULL,
  `created_at` timestamp NULL DEFAULT NULL,
  `updated_at` timestamp NULL DEFAULT NULL
) ENGINE=InnoDB DEFAULT CHARSET=utf8mb4 COLLATE=utf8mb4_unicode_ci;

--
-- Dumping data for table `product_categories`
--

INSERT INTO `product_categories` (`id`, `title_en`, `title_jp`, `slug`, `is_active`, `created_at`, `updated_at`) VALUES
(4, 'Passenger Elevator', '乗客エレベーター', 'passenger-elevator', 1, '2023-11-01 22:18:31', '2023-11-01 22:18:31'),
(5, 'Elevator Parts', 'エレベーター部品', 'elevator-parts', 1, '2023-11-05 22:07:52', '2023-11-05 22:07:52'),
(6, 'Cargo Elevator', 'カーゴエレベーター', 'cargo-elevator', 1, '2023-11-07 22:55:06', '2023-11-07 22:55:06'),
(7, 'Home Elevator', '家庭用エレベーター', 'home-elevator', 1, '2023-11-07 22:59:01', '2023-11-07 22:59:01'),
(8, 'Hospital Elevator', '病院用エレベーター', 'hospital-elevator', 1, '2023-11-08 23:09:24', '2023-11-08 23:09:24'),
(9, 'Observation Elevator', '展望エレベーター', 'observation-elevator', 1, '2023-11-08 23:24:16', '2023-11-08 23:24:16'),
(10, 'Escalator', 'エスカレーター', 'escalator', 1, '2023-11-08 23:38:43', '2023-11-08 23:38:43'),
(11, 'Standard Options', '標準オプション', 'standard-options', 1, '2023-11-14 23:05:37', '2023-11-14 23:05:37');

-- --------------------------------------------------------

--
-- Table structure for table `projects`
--

CREATE TABLE `projects` (
  `id` int(10) UNSIGNED NOT NULL,
  `project_category_id` int(10) UNSIGNED NOT NULL,
  `title_en` varchar(255) NOT NULL,
  `title_jp` varchar(255) NOT NULL,
  `slug` text NOT NULL,
  `image` text DEFAULT NULL,
  `description_en` text DEFAULT NULL,
  `description_jp` text DEFAULT NULL,
  `content_en` text DEFAULT NULL,
  `content_jp` text DEFAULT NULL,
  `is_active` tinyint(4) NOT NULL,
  `created_at` timestamp NULL DEFAULT NULL,
  `updated_at` timestamp NULL DEFAULT NULL
) ENGINE=InnoDB DEFAULT CHARSET=utf8mb4 COLLATE=utf8mb4_unicode_ci;

--
-- Dumping data for table `projects`
--

INSERT INTO `projects` (`id`, `project_category_id`, `title_en`, `title_jp`, `slug`, `image`, `description_en`, `description_jp`, `content_en`, `content_jp`, `is_active`, `created_at`, `updated_at`) VALUES
(4, 3, 'Japan Domestic Projects', '日本国内プロジェクト', 'japan-domestic-projects', 'storage/images/project/4/1700035148275005.jpg', NULL, NULL, NULL, NULL, 1, '2023-11-07 00:25:13', '2023-11-14 22:59:08'),
(5, 4, 'Oversea Projects', '海外プロジェクト', 'oversea-projects', 'storage/images/project/5/1700035223236409.jpg', NULL, NULL, NULL, NULL, 1, '2023-11-07 00:26:47', '2023-11-14 23:00:23');

-- --------------------------------------------------------

--
-- Table structure for table `project_categories`
--

CREATE TABLE `project_categories` (
  `id` bigint(20) UNSIGNED NOT NULL,
  `title_en` varchar(255) NOT NULL,
  `title_jp` varchar(255) NOT NULL,
  `slug` text NOT NULL,
  `is_active` tinyint(4) NOT NULL,
  `created_at` timestamp NULL DEFAULT NULL,
  `updated_at` timestamp NULL DEFAULT NULL
) ENGINE=InnoDB DEFAULT CHARSET=utf8mb4 COLLATE=utf8mb4_unicode_ci;

--
-- Dumping data for table `project_categories`
--

INSERT INTO `project_categories` (`id`, `title_en`, `title_jp`, `slug`, `is_active`, `created_at`, `updated_at`) VALUES
(3, 'Domestic', '国内プロジェクト', 'domestic', 1, '2023-11-07 00:15:36', '2023-11-07 00:33:47'),
(4, 'Oversea', '海外プロジェクト', 'oversea', 1, '2023-11-07 00:17:04', '2023-11-07 00:31:59');

-- --------------------------------------------------------

--
-- Table structure for table `users`
--

CREATE TABLE `users` (
  `id` bigint(20) UNSIGNED NOT NULL,
  `name` varchar(255) NOT NULL,
  `email` varchar(255) NOT NULL,
  `email_verified_at` timestamp NULL DEFAULT NULL,
  `password` varchar(255) NOT NULL,
  `remember_token` varchar(100) DEFAULT NULL,
  `created_at` timestamp NULL DEFAULT NULL,
  `updated_at` timestamp NULL DEFAULT NULL
) ENGINE=InnoDB DEFAULT CHARSET=utf8mb4 COLLATE=utf8mb4_unicode_ci;

--
-- Dumping data for table `users`
--

INSERT INTO `users` (`id`, `name`, `email`, `email_verified_at`, `password`, `remember_token`, `created_at`, `updated_at`) VALUES
(1, 'Administrator', 'feadmin@admin.com', NULL, '$2y$10$io9oCEqy70lvZ/WYopvcbuA1UU8QXLVPDzTN8KKGaNgo5kmX/QXTy', 'BVITxBMfnGwsLXYZKWKB9xfRIU3h3FiPex6vY4Q67ekjmgJ5fBIZPIGAufpn', '2023-07-18 12:58:25', '2023-07-18 12:58:25');

--
-- Indexes for dumped tables
--

--
-- Indexes for table `banners`
--
ALTER TABLE `banners`
  ADD PRIMARY KEY (`id`);

--
-- Indexes for table `failed_jobs`
--
ALTER TABLE `failed_jobs`
  ADD PRIMARY KEY (`id`),
  ADD UNIQUE KEY `failed_jobs_uuid_unique` (`uuid`);

--
-- Indexes for table `informations`
--
ALTER TABLE `informations`
  ADD PRIMARY KEY (`id`);

--
-- Indexes for table `migrations`
--
ALTER TABLE `migrations`
  ADD PRIMARY KEY (`id`);

--
-- Indexes for table `parts`
--
ALTER TABLE `parts`
  ADD PRIMARY KEY (`id`);

--
-- Indexes for table `part_serials`
--
ALTER TABLE `part_serials`
  ADD PRIMARY KEY (`id`);

--
-- Indexes for table `password_resets`
--
ALTER TABLE `password_resets`
  ADD KEY `password_resets_email_index` (`email`);

--
-- Indexes for table `products`
--
ALTER TABLE `products`
  ADD PRIMARY KEY (`id`);

--
-- Indexes for table `product_categories`
--
ALTER TABLE `product_categories`
  ADD PRIMARY KEY (`id`);

--
-- Indexes for table `projects`
--
ALTER TABLE `projects`
  ADD PRIMARY KEY (`id`);

--
-- Indexes for table `project_categories`
--
ALTER TABLE `project_categories`
  ADD PRIMARY KEY (`id`);

--
-- Indexes for table `users`
--
ALTER TABLE `users`
  ADD PRIMARY KEY (`id`),
  ADD UNIQUE KEY `users_email_unique` (`email`);

--
-- AUTO_INCREMENT for dumped tables
--

--
-- AUTO_INCREMENT for table `banners`
--
ALTER TABLE `banners`
  MODIFY `id` bigint(20) UNSIGNED NOT NULL AUTO_INCREMENT, AUTO_INCREMENT=17;

--
-- AUTO_INCREMENT for table `failed_jobs`
--
ALTER TABLE `failed_jobs`
  MODIFY `id` bigint(20) UNSIGNED NOT NULL AUTO_INCREMENT;

--
-- AUTO_INCREMENT for table `informations`
--
ALTER TABLE `informations`
  MODIFY `id` bigint(20) UNSIGNED NOT NULL AUTO_INCREMENT, AUTO_INCREMENT=16;

--
-- AUTO_INCREMENT for table `migrations`
--
ALTER TABLE `migrations`
  MODIFY `id` int(10) UNSIGNED NOT NULL AUTO_INCREMENT, AUTO_INCREMENT=46;

--
-- AUTO_INCREMENT for table `parts`
--
ALTER TABLE `parts`
  MODIFY `id` int(10) UNSIGNED NOT NULL AUTO_INCREMENT, AUTO_INCREMENT=17;

--
-- AUTO_INCREMENT for table `part_serials`
--
ALTER TABLE `part_serials`
  MODIFY `id` int(10) UNSIGNED NOT NULL AUTO_INCREMENT, AUTO_INCREMENT=116;

--
-- AUTO_INCREMENT for table `products`
--
ALTER TABLE `products`
  MODIFY `id` int(10) UNSIGNED NOT NULL AUTO_INCREMENT, AUTO_INCREMENT=71;

--
-- AUTO_INCREMENT for table `product_categories`
--
ALTER TABLE `product_categories`
  MODIFY `id` bigint(20) UNSIGNED NOT NULL AUTO_INCREMENT, AUTO_INCREMENT=12;

--
-- AUTO_INCREMENT for table `projects`
--
ALTER TABLE `projects`
  MODIFY `id` int(10) UNSIGNED NOT NULL AUTO_INCREMENT, AUTO_INCREMENT=6;

--
-- AUTO_INCREMENT for table `project_categories`
--
ALTER TABLE `project_categories`
  MODIFY `id` bigint(20) UNSIGNED NOT NULL AUTO_INCREMENT, AUTO_INCREMENT=5;

--
-- AUTO_INCREMENT for table `users`
--
ALTER TABLE `users`
  MODIFY `id` bigint(20) UNSIGNED NOT NULL AUTO_INCREMENT, AUTO_INCREMENT=2;
COMMIT;

/*!40101 SET CHARACTER_SET_CLIENT=@OLD_CHARACTER_SET_CLIENT */;
/*!40101 SET CHARACTER_SET_RESULTS=@OLD_CHARACTER_SET_RESULTS */;
/*!40101 SET COLLATION_CONNECTION=@OLD_COLLATION_CONNECTION */;
